iso3,country,indicator,year,value
AFE,Africa Eastern and Southern,NY.GDP.PCAP.KD,2024,1432.50843496815
AFE,Africa Eastern and Southern,NY.GDP.PCAP.KD,2023,1428.54623843676
AFE,Africa Eastern and Southern,NY.GDP.PCAP.KD,2022,1437.09139374966
AFW,Africa Western and Central,NY.GDP.PCAP.KD,2024,1820.07044608507
AFW,Africa Western and Central,NY.GDP.PCAP.KD,2023,1782.32607004266
AFW,Africa Western and Central,NY.GDP.PCAP.KD,2022,1761.05945140847
ARB,Arab World,NY.GDP.PCAP.KD,2024,6311.25329101256
ARB,Arab World,NY.GDP.PCAP.KD,2023,6322.02558331114
ARB,Arab World,NY.GDP.PCAP.KD,2022,6361.38084442534
CSS,Caribbean small states,NY.GDP.PCAP.KD,2024,18643.3738062746
CSS,Caribbean small states,NY.GDP.PCAP.KD,2023,16520.5066629775
CSS,Caribbean small states,NY.GDP.PCAP.KD,2022,15259.8516050593
CEB,Central Europe and the Baltics,NY.GDP.PCAP.KD,2024,16862.8261090388
CEB,Central Europe and the Baltics,NY.GDP.PCAP.KD,2023,16496.6728779092
CEB,Central Europe and the Baltics,NY.GDP.PCAP.KD,2022,16396.9966397292
EAR,Early-demographic dividend,NY.GDP.PCAP.KD,2024,3884.38931770884
EAR,Early-demographic dividend,NY.GDP.PCAP.KD,2023,3783.31364991383
EAR,Early-demographic dividend,NY.GDP.PCAP.KD,2022,3676.37654127034
EAS,East Asia & Pacific,NY.GDP.PCAP.KD,2024,13295.329301063
EAS,East Asia & Pacific,NY.GDP.PCAP.KD,2023,12838.6681574645
EAS,East Asia & Pacific,NY.GDP.PCAP.KD,2022,12361.4385727479
EAP,East Asia & Pacific (excluding high income),NY.GDP.PCAP.KD,2024,10127.9180882519
EAP,East Asia & Pacific (excluding high income),NY.GDP.PCAP.KD,2023,9666.08432645256
EAP,East Asia & Pacific (excluding high income),NY.GDP.PCAP.KD,2022,9200.1190748992
TEA,East Asia & Pacific (IDA & IBRD countries),NY.GDP.PCAP.KD,2024,10241.9890248099
TEA,East Asia & Pacific (IDA & IBRD countries),NY.GDP.PCAP.KD,2023,9774.78042985959
TEA,East Asia & Pacific (IDA & IBRD countries),NY.GDP.PCAP.KD,2022,9303.40405088781
EMU,Euro area,NY.GDP.PCAP.KD,2024,37747.5762546902
EMU,Euro area,NY.GDP.PCAP.KD,2023,37542.8850711276
EMU,Euro area,NY.GDP.PCAP.KD,2022,37533.5524037551
ECS,Europe & Central Asia,NY.GDP.PCAP.KD,2024,26049.7447851247
ECS,Europe & Central Asia,NY.GDP.PCAP.KD,2023,25741.0380070691
ECS,Europe & Central Asia,NY.GDP.PCAP.KD,2022,25489.1529254156
ECA,Europe & Central Asia (excluding high income),NY.GDP.PCAP.KD,2024,8719.2497368167
ECA,Europe & Central Asia (excluding high income),NY.GDP.PCAP.KD,2023,8435.75381106955
ECA,Europe & Central Asia (excluding high income),NY.GDP.PCAP.KD,2022,7972.62807689424
TEC,Europe & Central Asia (IDA & IBRD countries),NY.GDP.PCAP.KD,2024,10509.1101785927
TEC,Europe & Central Asia (IDA & IBRD countries),NY.GDP.PCAP.KD,2023,10132.3013270566
TEC,Europe & Central Asia (IDA & IBRD countries),NY.GDP.PCAP.KD,2022,9708.77674684136
EUU,European Union,NY.GDP.PCAP.KD,2024,34899.3225839678
EUU,European Union,NY.GDP.PCAP.KD,2023,34626.5282460477
EUU,European Union,NY.GDP.PCAP.KD,2022,34606.1111714906
HPC,Heavily indebted poor countries (HIPC),NY.GDP.PCAP.KD,2024,1016.27398761692
HPC,Heavily indebted poor countries (HIPC),NY.GDP.PCAP.KD,2023,992.174917021435
HPC,Heavily indebted poor countries (HIPC),NY.GDP.PCAP.KD,2022,983.847120090035
,High income,NY.GDP.PCAP.KD,2024,42026.5401511337
,High income,NY.GDP.PCAP.KD,2023,41501.2948730887
,High income,NY.GDP.PCAP.KD,2022,41064.1952230136
IBD,IBRD only,NY.GDP.PCAP.KD,2024,7516.23109692996
IBD,IBRD only,NY.GDP.PCAP.KD,2023,7237.59788175414
IBD,IBRD only,NY.GDP.PCAP.KD,2022,6950.42582854395
IBT,IDA & IBRD total,NY.GDP.PCAP.KD,2024,5825.50541967732
IBT,IDA & IBRD total,NY.GDP.PCAP.KD,2023,5634.16482692317
IBT,IDA & IBRD total,NY.GDP.PCAP.KD,2022,5440.77771363889
IDB,IDA blend,NY.GDP.PCAP.KD,2024,2107.6638668718
IDB,IDA blend,NY.GDP.PCAP.KD,2023,2062.62356419287
IDB,IDA blend,NY.GDP.PCAP.KD,2022,2043.42372895199
IDX,IDA only,NY.GDP.PCAP.KD,2024,1173.2818683549
IDX,IDA only,NY.GDP.PCAP.KD,2023,1147.16316787956
IDX,IDA only,NY.GDP.PCAP.KD,2022,1135.34471641403
IDA,IDA total,NY.GDP.PCAP.KD,2024,1498.37807376176
IDA,IDA total,NY.GDP.PCAP.KD,2023,1466.40467616719
IDA,IDA total,NY.GDP.PCAP.KD,2022,1452.67025448891
LTE,Late-demographic dividend,NY.GDP.PCAP.KD,2024,11918.0405122553
LTE,Late-demographic dividend,NY.GDP.PCAP.KD,2023,11414.6924038042
LTE,Late-demographic dividend,NY.GDP.PCAP.KD,2022,10941.9407766362
LCN,Latin America & Caribbean,NY.GDP.PCAP.KD,2024,8871.53601669473
LCN,Latin America & Caribbean,NY.GDP.PCAP.KD,2023,8736.17680385723
LCN,Latin America & Caribbean,NY.GDP.PCAP.KD,2022,8606.55427761644
LAC,Latin America & Caribbean (excluding high income),NY.GDP.PCAP.KD,2024,8307.70645839353
LAC,Latin America & Caribbean (excluding high income),NY.GDP.PCAP.KD,2023,8203.23895137503
LAC,Latin America & Caribbean (excluding high income),NY.GDP.PCAP.KD,2022,8089.0443057316
TLA,Latin America & the Caribbean (IDA & IBRD countries),NY.GDP.PCAP.KD,2024,8744.52778534944
TLA,Latin America & the Caribbean (IDA & IBRD countries),NY.GDP.PCAP.KD,2023,8611.07781121831
TLA,Latin America & the Caribbean (IDA & IBRD countries),NY.GDP.PCAP.KD,2022,8479.2645101924
LDC,Least developed countries: UN classification,NY.GDP.PCAP.KD,2024,1090.57292521647
LDC,Least developed countries: UN classification,NY.GDP.PCAP.KD,2023,1074.29165043316
LDC,Least developed countries: UN classification,NY.GDP.PCAP.KD,2022,1066.56260269683
LMY,Low & middle income,NY.GDP.PCAP.KD,2024,5539.32895443457
LMY,Low & middle income,NY.GDP.PCAP.KD,2023,5358.98340901979
LMY,Low & middle income,NY.GDP.PCAP.KD,2022,5170.6906311666
,Low income,NY.GDP.PCAP.KD,2024,701.876749725515
,Low income,NY.GDP.PCAP.KD,2023,697.417753503119
,Low income,NY.GDP.PCAP.KD,2022,707.920608976212
,Lower middle income,NY.GDP.PCAP.KD,2024,2270.11004592826
,Lower middle income,NY.GDP.PCAP.KD,2023,2182.51186143558
,Lower middle income,NY.GDP.PCAP.KD,2022,2100.10158614282
MEA,"Middle East, North Africa, Afghanistan & Pakistan",NY.GDP.PCAP.KD,2024,5485.38728777077
MEA,"Middle East, North Africa, Afghanistan & Pakistan",NY.GDP.PCAP.KD,2023,5463.85312225795
MEA,"Middle East, North Africa, Afghanistan & Pakistan",NY.GDP.PCAP.KD,2022,5446.99294793607
MNA,"Middle East, North Africa, Afghanistan & Pakistan (excluding high income)",NY.GDP.PCAP.KD,2024,3032.00524250795
MNA,"Middle East, North Africa, Afghanistan & Pakistan (excluding high income)",NY.GDP.PCAP.KD,2023,3016.25210020449
MNA,"Middle East, North Africa, Afghanistan & Pakistan (excluding high income)",NY.GDP.PCAP.KD,2022,2982.78335555639
TMN,"Middle East, North Africa, Afghanistan & Pakistan (IDA & IBRD)",NY.GDP.PCAP.KD,2024,3037.56299208501
TMN,"Middle East, North Africa, Afghanistan & Pakistan (IDA & IBRD)",NY.GDP.PCAP.KD,2023,3016.38786220006
TMN,"Middle East, North Africa, Afghanistan & Pakistan (IDA & IBRD)",NY.GDP.PCAP.KD,2022,2981.95267795857
MIC,Middle income,NY.GDP.PCAP.KD,2024,6143.92793992414
MIC,Middle income,NY.GDP.PCAP.KD,2023,5930.65300014784
MIC,Middle income,NY.GDP.PCAP.KD,2022,5707.56983867332
NAC,North America,NY.GDP.PCAP.KD,2024,64506.5636066642
NAC,North America,NY.GDP.PCAP.KD,2023,63532.0076871763
NAC,North America,NY.GDP.PCAP.KD,2022,62404.6210602795
,Not classified,NY.GDP.PCAP.KD,2024,
,Not classified,NY.GDP.PCAP.KD,2023,
,Not classified,NY.GDP.PCAP.KD,2022,
OED,OECD members,NY.GDP.PCAP.KD,2024,40700.644346174
OED,OECD members,NY.GDP.PCAP.KD,2023,40246.7434272636
OED,OECD members,NY.GDP.PCAP.KD,2022,39804.662496136
OSS,Other small states,NY.GDP.PCAP.KD,2024,12591.7678646757
OSS,Other small states,NY.GDP.PCAP.KD,2023,12357.3872788898
OSS,Other small states,NY.GDP.PCAP.KD,2022,12090.2779307406
PSS,Pacific island small states,NY.GDP.PCAP.KD,2024,3983.82503549085
PSS,Pacific island small states,NY.GDP.PCAP.KD,2023,3890.39488708922
PSS,Pacific island small states,NY.GDP.PCAP.KD,2022,3673.22544665674
PST,Post-demographic dividend,NY.GDP.PCAP.KD,2024,46868.8115104791
PST,Post-demographic dividend,NY.GDP.PCAP.KD,2023,46338.3245846606
PST,Post-demographic dividend,NY.GDP.PCAP.KD,2022,45677.3513142375
PRE,Pre-demographic dividend,NY.GDP.PCAP.KD,2024,1439.73712111225
PRE,Pre-demographic dividend,NY.GDP.PCAP.KD,2023,1429.18875247624
PRE,Pre-demographic dividend,NY.GDP.PCAP.KD,2022,1430.90365853734
SST,Small states,NY.GDP.PCAP.KD,2024,12794.3634985188
SST,Small states,NY.GDP.PCAP.KD,2023,12160.0587635306
SST,Small states,NY.GDP.PCAP.KD,2022,11682.1880704072
SAS,South Asia,NY.GDP.PCAP.KD,2024,2329.35958665331
SAS,South Asia,NY.GDP.PCAP.KD,2023,2201.34248982502
SAS,South Asia,NY.GDP.PCAP.KD,2022,2079.70096039385
TSA,South Asia (IDA & IBRD),NY.GDP.PCAP.KD,2024,2329.35958665331
TSA,South Asia (IDA & IBRD),NY.GDP.PCAP.KD,2023,2201.34248982502
TSA,South Asia (IDA & IBRD),NY.GDP.PCAP.KD,2022,2079.70096039385
SSF,Sub-Saharan Africa,NY.GDP.PCAP.KD,2024,1588.93961326571
SSF,Sub-Saharan Africa,NY.GDP.PCAP.KD,2023,1571.4055801623
SSF,Sub-Saharan Africa,NY.GDP.PCAP.KD,2022,1568.02152788113
SSA,Sub-Saharan Africa (excluding high income),NY.GDP.PCAP.KD,2024,1587.52608812619
SSA,Sub-Saharan Africa (excluding high income),NY.GDP.PCAP.KD,2023,1570.00530365333
SSA,Sub-Saharan Africa (excluding high income),NY.GDP.PCAP.KD,2022,1566.66436596342
TSS,Sub-Saharan Africa (IDA & IBRD countries),NY.GDP.PCAP.KD,2024,1588.93961326571
TSS,Sub-Saharan Africa (IDA & IBRD countries),NY.GDP.PCAP.KD,2023,1571.4055801623
TSS,Sub-Saharan Africa (IDA & IBRD countries),NY.GDP.PCAP.KD,2022,1568.02152788113
,Upper middle income,NY.GDP.PCAP.KD,2024,9814.41283901258
,Upper middle income,NY.GDP.PCAP.KD,2023,9448.07566849762
,Upper middle income,NY.GDP.PCAP.KD,2022,9057.3896482151
WLD,World,NY.GDP.PCAP.KD,2024,11894.2521505051
WLD,World,NY.GDP.PCAP.KD,2023,11670.8224680822
WLD,World,NY.GDP.PCAP.KD,2022,11452.0202124616
AFG,Afghanistan,NY.GDP.PCAP.KD,2024,374.37669620849
AFG,Afghanistan,NY.GDP.PCAP.KD,2023,378.06630312259
AFG,Afghanistan,NY.GDP.PCAP.KD,2022,377.665627080705
ALB,Albania,NY.GDP.PCAP.KD,2024,6549.23387415397
ALB,Albania,NY.GDP.PCAP.KD,2023,6204.43525612114
ALB,Albania,NY.GDP.PCAP.KD,2022,5867.65096230557
DZA,Algeria,NY.GDP.PCAP.KD,2024,4765.72900168387
DZA,Algeria,NY.GDP.PCAP.KD,2023,4660.40545687895
DZA,Algeria,NY.GDP.PCAP.KD,2022,4544.46688060372
ASM,American Samoa,NY.GDP.PCAP.KD,2024,
ASM,American Samoa,NY.GDP.PCAP.KD,2023,
ASM,American Samoa,NY.GDP.PCAP.KD,2022,13709.0974895473
AND,Andorra,NY.GDP.PCAP.KD,2024,41223.9924906603
AND,Andorra,NY.GDP.PCAP.KD,2023,40227.23352974
AND,Andorra,NY.GDP.PCAP.KD,2022,39780.3966130791
AGO,Angola,NY.GDP.PCAP.KD,2024,2798.59392792708
AGO,Angola,NY.GDP.PCAP.KD,2023,2748.95196954248
AGO,Angola,NY.GDP.PCAP.KD,2022,2798.01717317688
ATG,Antigua and Barbuda,NY.GDP.PCAP.KD,2024,18304.5836762037
ATG,Antigua and Barbuda,NY.GDP.PCAP.KD,2023,17938.3186828047
ATG,Antigua and Barbuda,NY.GDP.PCAP.KD,2022,17359.2674811108
ARG,Argentina,NY.GDP.PCAP.KD,2024,12774.3506596628
ARG,Argentina,NY.GDP.PCAP.KD,2023,12993.0928872416
ARG,Argentina,NY.GDP.PCAP.KD,2022,13276.8232110189
ARM,Armenia,NY.GDP.PCAP.KD,2024,5378.31799981682
ARM,Armenia,NY.GDP.PCAP.KD,2023,5197.23509013575
ARM,Armenia,NY.GDP.PCAP.KD,2022,4791.00481712183
ABW,Aruba,NY.GDP.PCAP.KD,2024,33938.9541769192
ABW,Aruba,NY.GDP.PCAP.KD,2023,31963.0764505349
ABW,Aruba,NY.GDP.PCAP.KD,2022,29198.9903584827
AUS,Australia,NY.GDP.PCAP.KD,2024,61486.38147544
AUS,Australia,NY.GDP.PCAP.KD,2023,61869.082498576
AUS,Australia,NY.GDP.PCAP.KD,2022,61200.4588964781
AUT,Austria,NY.GDP.PCAP.KD,2024,45958.8250071261
AUT,Austria,NY.GDP.PCAP.KD,2023,46497.9114640341
AUT,Austria,NY.GDP.PCAP.KD,2022,47332.4240357971
AZE,Azerbaijan,NY.GDP.PCAP.KD,2024,5876.03295533913
AZE,Azerbaijan,NY.GDP.PCAP.KD,2023,5668.61021317029
AZE,Azerbaijan,NY.GDP.PCAP.KD,2022,5599.58524971025
BHS,"Bahamas, The",NY.GDP.PCAP.KD,2024,33968.2032187918
BHS,"Bahamas, The",NY.GDP.PCAP.KD,2023,33009.645615121
BHS,"Bahamas, The",NY.GDP.PCAP.KD,2022,32186.4575039237
BHR,Bahrain,NY.GDP.PCAP.KD,2024,25886.2393152311
BHR,Bahrain,NY.GDP.PCAP.KD,2023,25342.6226641572
BHR,Bahrain,NY.GDP.PCAP.KD,2022,25234.40256182
BGD,Bangladesh,NY.GDP.PCAP.KD,2024,1941.27874360025
BGD,Bangladesh,NY.GDP.PCAP.KD,2023,1885.37733613545
BGD,Bangladesh,NY.GDP.PCAP.KD,2022,1804.3493461776
BRB,Barbados,NY.GDP.PCAP.KD,2024,22421.5333611295
BRB,Barbados,NY.GDP.PCAP.KD,2023,21701.2660270701
BRB,Barbados,NY.GDP.PCAP.KD,2022,21315.9363255517
BLR,Belarus,NY.GDP.PCAP.KD,2024,6814.34443423546
BLR,Belarus,NY.GDP.PCAP.KD,2023,6497.78450683592
BLR,Belarus,NY.GDP.PCAP.KD,2022,6206.61909685419
BEL,Belgium,NY.GDP.PCAP.KD,2024,45019.6989654607
BEL,Belgium,NY.GDP.PCAP.KD,2023,44828.2274521244
BEL,Belgium,NY.GDP.PCAP.KD,2022,44516.002160801
BLZ,Belize,NY.GDP.PCAP.KD,2024,6290.49294452749
BLZ,Belize,NY.GDP.PCAP.KD,2023,6165.69414825936
BLZ,Belize,NY.GDP.PCAP.KD,2022,6262.56088273674
BEN,Benin,NY.GDP.PCAP.KD,2024,1324.78312597434
BEN,Benin,NY.GDP.PCAP.KD,2023,1263.62158336368
BEN,Benin,NY.GDP.PCAP.KD,2022,1218.49668929091
BMU,Bermuda,NY.GDP.PCAP.KD,2024,116513.536565041
BMU,Bermuda,NY.GDP.PCAP.KD,2023,114244.681047132
BMU,Bermuda,NY.GDP.PCAP.KD,2022,109412.251159598
BTN,Bhutan,NY.GDP.PCAP.KD,2024,3717.21053114706
BTN,Bhutan,NY.GDP.PCAP.KD,2023,3480.51388523184
BTN,Bhutan,NY.GDP.PCAP.KD,2022,3349.73309632799
BOL,Bolivia,NY.GDP.PCAP.KD,2024,3045.61476620329
BOL,Bolivia,NY.GDP.PCAP.KD,2023,3122.77049466223
BOL,Bolivia,NY.GDP.PCAP.KD,2022,3088.24126173436
BIH,Bosnia and Herzegovina,NY.GDP.PCAP.KD,2024,6746.95366547249
BIH,Bosnia and Herzegovina,NY.GDP.PCAP.KD,2023,6493.32400514463
BIH,Bosnia and Herzegovina,NY.GDP.PCAP.KD,2022,6327.16206849174
BWA,Botswana,NY.GDP.PCAP.KD,2024,6952.34770386661
BWA,Botswana,NY.GDP.PCAP.KD,2023,7269.05170664457
BWA,Botswana,NY.GDP.PCAP.KD,2022,7159.5860618268
BRA,Brazil,NY.GDP.PCAP.KD,2024,9566.74518687619
BRA,Brazil,NY.GDP.PCAP.KD,2023,9288.02701470069
BRA,Brazil,NY.GDP.PCAP.KD,2022,9032.08481566299
VGB,British Virgin Islands,NY.GDP.PCAP.KD,2024,
VGB,British Virgin Islands,NY.GDP.PCAP.KD,2023,
VGB,British Virgin Islands,NY.GDP.PCAP.KD,2022,
BRN,Brunei Darussalam,NY.GDP.PCAP.KD,2024,29563.8682753082
BRN,Brunei Darussalam,NY.GDP.PCAP.KD,2023,28645.9645396284
BRN,Brunei Darussalam,NY.GDP.PCAP.KD,2022,28549.1756060465
BGR,Bulgaria,NY.GDP.PCAP.KD,2024,10127.4152566236
BGR,Bulgaria,NY.GDP.PCAP.KD,2023,9787.76510584614
BGR,Bulgaria,NY.GDP.PCAP.KD,2022,9598.35828571579
BFA,Burkina Faso,NY.GDP.PCAP.KD,2024,764.082625588818
BFA,Burkina Faso,NY.GDP.PCAP.KD,2023,745.405334618409
BFA,Burkina Faso,NY.GDP.PCAP.KD,2022,740.306319930259
BDI,Burundi,NY.GDP.PCAP.KD,2024,268.700857389911
BDI,Burundi,NY.GDP.PCAP.KD,2023,264.84330794512
BDI,Burundi,NY.GDP.PCAP.KD,2022,263.587550049119
CPV,Cabo Verde,NY.GDP.PCAP.KD,2024,4438.38741931171
CPV,Cabo Verde,NY.GDP.PCAP.KD,2023,4168.67748407593
CPV,Cabo Verde,NY.GDP.PCAP.KD,2022,3997.76763250653
KHM,Cambodia,NY.GDP.PCAP.KD,2024,2183.55682401667
KHM,Cambodia,NY.GDP.PCAP.KD,2023,2085.05748462122
KHM,Cambodia,NY.GDP.PCAP.KD,2022,2011.27433313262
CMR,Cameroon,NY.GDP.PCAP.KD,2024,1480.73097431993
CMR,Cameroon,NY.GDP.PCAP.KD,2023,1468.17837007337
CMR,Cameroon,NY.GDP.PCAP.KD,2022,1458.66180431693
CAN,Canada,NY.GDP.PCAP.KD,2024,45061.3864587285
CAN,Canada,NY.GDP.PCAP.KD,2023,45495.5100892605
CAN,Canada,NY.GDP.PCAP.KD,2022,45883.0058941892
CYM,Cayman Islands,NY.GDP.PCAP.KD,2024,84381.4731440521
CYM,Cayman Islands,NY.GDP.PCAP.KD,2023,82906.5454943954
CYM,Cayman Islands,NY.GDP.PCAP.KD,2022,79942.1196290248
CAF,Central African Republic,NY.GDP.PCAP.KD,2024,389.938307964229
CAF,Central African Republic,NY.GDP.PCAP.KD,2023,397.467795750451
CAF,Central African Republic,NY.GDP.PCAP.KD,2022,398.91539795642
TCD,Chad,NY.GDP.PCAP.KD,2024,855.999353179333
TCD,Chad,NY.GDP.PCAP.KD,2023,856.985507283698
TCD,Chad,NY.GDP.PCAP.KD,2022,862.602128172536
CHI,Channel Islands,NY.GDP.PCAP.KD,2024,
CHI,Channel Islands,NY.GDP.PCAP.KD,2023,69818.1528119104
CHI,Channel Islands,NY.GDP.PCAP.KD,2022,67508.9385276664
CHL,Chile,NY.GDP.PCAP.KD,2024,14616.9287938028
CHL,Chile,NY.GDP.PCAP.KD,2023,14294.7106635595
CHL,Chile,NY.GDP.PCAP.KD,2022,14275.4094646211
CHN,China,NY.GDP.PCAP.KD,2024,13119.1076099516
CHN,China,NY.GDP.PCAP.KD,2023,12483.9791101249
CHN,China,NY.GDP.PCAP.KD,2022,11830.298767861
COL,Colombia,NY.GDP.PCAP.KD,2024,6865.31283944628
COL,Colombia,NY.GDP.PCAP.KD,2023,6837.37392084534
COL,Colombia,NY.GDP.PCAP.KD,2022,6856.72590505374
COM,Comoros,NY.GDP.PCAP.KD,2024,1402.52614298112
COM,Comoros,NY.GDP.PCAP.KD,2023,1383.64201759575
COM,Comoros,NY.GDP.PCAP.KD,2022,1366.9513495529
COD,"Congo, Dem. Rep.",NY.GDP.PCAP.KD,2024,554.117609962628
COD,"Congo, Dem. Rep.",NY.GDP.PCAP.KD,2023,539.45912637913
COD,"Congo, Dem. Rep.",NY.GDP.PCAP.KD,2022,513.512704372167
COG,"Congo, Rep.",NY.GDP.PCAP.KD,2024,1671.7266018229
COG,"Congo, Rep.",NY.GDP.PCAP.KD,2023,1677.08549205924
COG,"Congo, Rep.",NY.GDP.PCAP.KD,2022,1686.00234391385
CRI,Costa Rica,NY.GDP.PCAP.KD,2024,15052.9149924743
CRI,Costa Rica,NY.GDP.PCAP.KD,2023,14531.5005137466
CRI,Costa Rica,NY.GDP.PCAP.KD,2022,13931.8461614764
CIV,Cote d'Ivoire,NY.GDP.PCAP.KD,2024,2395.65916961845
CIV,Cote d'Ivoire,NY.GDP.PCAP.KD,2023,2315.36434710324
CIV,Cote d'Ivoire,NY.GDP.PCAP.KD,2022,2227.08197820584
HRV,Croatia,NY.GDP.PCAP.KD,2024,17854.3262648378
HRV,Croatia,NY.GDP.PCAP.KD,2023,17225.4504515697
HRV,Croatia,NY.GDP.PCAP.KD,2022,16618.3333786183
CUB,Cuba,NY.GDP.PCAP.KD,2024,7381.39774048869
CUB,Cuba,NY.GDP.PCAP.KD,2023,7433.42885399674
CUB,Cuba,NY.GDP.PCAP.KD,2022,7552.33152218842
CUW,Curacao,NY.GDP.PCAP.KD,2024,18044.7750692923
CUW,Curacao,NY.GDP.PCAP.KD,2023,17326.9645481336
CUW,Curacao,NY.GDP.PCAP.KD,2022,16772.8146989153
CYP,Cyprus,NY.GDP.PCAP.KD,2024,32757.541015625
CYP,Cyprus,NY.GDP.PCAP.KD,2023,32022.01953125
CYP,Cyprus,NY.GDP.PCAP.KD,2022,31505.2109375
CZE,Czechia,NY.GDP.PCAP.KD,2024,20449.1135911311
CZE,Czechia,NY.GDP.PCAP.KD,2023,20272.5874017334
CZE,Czechia,NY.GDP.PCAP.KD,2022,20627.348651011
DNK,Denmark,NY.GDP.PCAP.KD,2024,60772.8624276041
DNK,Denmark,NY.GDP.PCAP.KD,2023,59026.9843650999
DNK,Denmark,NY.GDP.PCAP.KD,2022,59108.7449374068
DJI,Djibouti,NY.GDP.PCAP.KD,2024,3290.42482052598
DJI,Djibouti,NY.GDP.PCAP.KD,2023,3117.8155381531
DJI,Djibouti,NY.GDP.PCAP.KD,2022,2959.78673011268
DMA,Dominica,NY.GDP.PCAP.KD,2024,9172.71049624795
DMA,Dominica,NY.GDP.PCAP.KD,2023,8946.98822588042
DMA,Dominica,NY.GDP.PCAP.KD,2022,8590.92209069816
DOM,Dominican Republic,NY.GDP.PCAP.KD,2024,9168.45418897141
DOM,Dominican Republic,NY.GDP.PCAP.KD,2023,8809.96335385949
DOM,Dominican Republic,NY.GDP.PCAP.KD,2022,8698.13592094395
ECU,Ecuador,NY.GDP.PCAP.KD,2024,5993.74697758454
ECU,Ecuador,NY.GDP.PCAP.KD,2023,6165.40977555695
ECU,Ecuador,NY.GDP.PCAP.KD,2022,6107.49495006543
EGY,"Egypt, Arab Rep.",NY.GDP.PCAP.KD,2024,4137.6092923313
EGY,"Egypt, Arab Rep.",NY.GDP.PCAP.KD,2023,4111.3118479018
EGY,"Egypt, Arab Rep.",NY.GDP.PCAP.KD,2022,4029.78295458204
SLV,El Salvador,NY.GDP.PCAP.KD,2024,4576.55846613444
SLV,El Salvador,NY.GDP.PCAP.KD,2023,4481.19664108356
SLV,El Salvador,NY.GDP.PCAP.KD,2022,4355.96037108555
GNQ,Equatorial Guinea,NY.GDP.PCAP.KD,2024,4892.95310498567
GNQ,Equatorial Guinea,NY.GDP.PCAP.KD,2023,4992.26076814571
GNQ,Equatorial Guinea,NY.GDP.PCAP.KD,2022,5524.24312418579
ERI,Eritrea,NY.GDP.PCAP.KD,2024,
ERI,Eritrea,NY.GDP.PCAP.KD,2023,
ERI,Eritrea,NY.GDP.PCAP.KD,2022,
EST,Estonia,NY.GDP.PCAP.KD,2024,20078.1397620993
EST,Estonia,NY.GDP.PCAP.KD,2023,20126.3730486957
EST,Estonia,NY.GDP.PCAP.KD,2022,21023.2994937246
SWZ,Eswatini,NY.GDP.PCAP.KD,2024,3866.37127926695
SWZ,Eswatini,NY.GDP.PCAP.KD,2023,3790.16576788091
SWZ,Eswatini,NY.GDP.PCAP.KD,2022,3695.64957179548
ETH,Ethiopia,NY.GDP.PCAP.KD,2024,883.458588614999
ETH,Ethiopia,NY.GDP.PCAP.KD,2023,842.446604881663
ETH,Ethiopia,NY.GDP.PCAP.KD,2022,811.177729337321
FRO,Faroe Islands,NY.GDP.PCAP.KD,2024,59302.1098546142
FRO,Faroe Islands,NY.GDP.PCAP.KD,2023,59067.5637446297
FRO,Faroe Islands,NY.GDP.PCAP.KD,2022,57784.7223702914
FJI,Fiji,NY.GDP.PCAP.KD,2024,5935.20895738332
FJI,Fiji,NY.GDP.PCAP.KD,2023,5761.56947891018
FJI,Fiji,NY.GDP.PCAP.KD,2022,5291.51692439451
FIN,Finland,NY.GDP.PCAP.KD,2024,45075.1684940688
FIN,Finland,NY.GDP.PCAP.KD,2023,45196.4814400136
FIN,Finland,NY.GDP.PCAP.KD,2022,46016.1492103929
FRA,France,NY.GDP.PCAP.KD,2024,39683.3953489029
FRA,France,NY.GDP.PCAP.KD,2023,39319.4152227295
FRA,France,NY.GDP.PCAP.KD,2022,38868.3303330557
PYF,French Polynesia,NY.GDP.PCAP.KD,2024,20846.6514059991
PYF,French Polynesia,NY.GDP.PCAP.KD,2023,20664.9770259225
PYF,French Polynesia,NY.GDP.PCAP.KD,2022,20160.4994298379
GAB,Gabon,NY.GDP.PCAP.KD,2024,6618.9868586134
GAB,Gabon,NY.GDP.PCAP.KD,2023,6541.25368618042
GAB,Gabon,NY.GDP.PCAP.KD,2022,6527.48207901861
GMB,"Gambia, The",NY.GDP.PCAP.KD,2024,758.965888826955
GMB,"Gambia, The",NY.GDP.PCAP.KD,2023,735.612384062616
GMB,"Gambia, The",NY.GDP.PCAP.KD,2022,710.686979216316
GEO,Georgia,NY.GDP.PCAP.KD,2024,6606.35772271858
GEO,Georgia,NY.GDP.PCAP.KD,2023,6180.6206023429
GEO,Georgia,NY.GDP.PCAP.KD,2022,5736.30449578597
DEU,Germany,NY.GDP.PCAP.KD,2024,44027.7631554469
DEU,Germany,NY.GDP.PCAP.KD,2023,44368.9920074881
DEU,Germany,NY.GDP.PCAP.KD,2022,44817.1316331389
GHA,Ghana,NY.GDP.PCAP.KD,2024,2173.00329800201
GHA,Ghana,NY.GDP.PCAP.KD,2023,2091.81335596465
GHA,Ghana,NY.GDP.PCAP.KD,2022,2067.20895855521
GIB,Gibraltar,NY.GDP.PCAP.KD,2024,
GIB,Gibraltar,NY.GDP.PCAP.KD,2023,
GIB,Gibraltar,NY.GDP.PCAP.KD,2022,
GRC,Greece,NY.GDP.PCAP.KD,2024,21494.6856060599
GRC,Greece,NY.GDP.PCAP.KD,2023,21050.8648111581
GRC,Greece,NY.GDP.PCAP.KD,2022,20550.5049158297
GRL,Greenland,NY.GDP.PCAP.KD,2024,
GRL,Greenland,NY.GDP.PCAP.KD,2023,49929.7755428605
GRL,Greenland,NY.GDP.PCAP.KD,2022,49679.3365414895
GRD,Grenada,NY.GDP.PCAP.KD,2024,10042.6503142063
GRD,Grenada,NY.GDP.PCAP.KD,2023,9817.86383583917
GRD,Grenada,NY.GDP.PCAP.KD,2022,9406.19337643226
GUM,Guam,NY.GDP.PCAP.KD,2024,
GUM,Guam,NY.GDP.PCAP.KD,2023,
GUM,Guam,NY.GDP.PCAP.KD,2022,34627.9862781837
GTM,Guatemala,NY.GDP.PCAP.KD,2024,4564.21378502908
GTM,Guatemala,NY.GDP.PCAP.KD,2023,4469.05514652918
GTM,Guatemala,NY.GDP.PCAP.KD,2022,4383.90326160481
GIN,Guinea,NY.GDP.PCAP.KD,2024,1045.92207475792
GIN,Guinea,NY.GDP.PCAP.KD,2023,1016.88094800324
GIN,Guinea,NY.GDP.PCAP.KD,2022,987.502501465337
GNB,Guinea-Bissau,NY.GDP.PCAP.KD,2024,785.91021956464
GNB,Guinea-Bissau,NY.GDP.PCAP.KD,2023,769.504652461795
GNB,Guinea-Bissau,NY.GDP.PCAP.KD,2022,752.149255217249
GUY,Guyana,NY.GDP.PCAP.KD,2024,33034.948872927
GUY,Guyana,NY.GDP.PCAP.KD,2023,23101.3538282741
GUY,Guyana,NY.GDP.PCAP.KD,2022,17365.3336428642
HTI,Haiti,NY.GDP.PCAP.KD,2024,1154.68841945337
HTI,Haiti,NY.GDP.PCAP.KD,2023,1219.11871645847
HTI,Haiti,NY.GDP.PCAP.KD,2022,1256.72143592448
HND,Honduras,NY.GDP.PCAP.KD,2024,2575.32081187859
HND,Honduras,NY.GDP.PCAP.KD,2023,2527.27366333188
HND,Honduras,NY.GDP.PCAP.KD,2022,2482.22384904714
HKG,"Hong Kong SAR, China",NY.GDP.PCAP.KD,2024,44734.4365296835
HKG,"Hong Kong SAR, China",NY.GDP.PCAP.KD,2023,43518.9311789918
HKG,"Hong Kong SAR, China",NY.GDP.PCAP.KD,2022,43281.0067309646
HUN,Hungary,NY.GDP.PCAP.KD,2024,16543.1049095203
HUN,Hungary,NY.GDP.PCAP.KD,2023,16375.0462724192
HUN,Hungary,NY.GDP.PCAP.KD,2022,16487.7973935944
ISL,Iceland,NY.GDP.PCAP.KD,2024,59053.5648370451
ISL,Iceland,NY.GDP.PCAP.KD,2023,59951.7537739692
ISL,Iceland,NY.GDP.PCAP.KD,2022,57626.2533717585
IND,India,NY.GDP.PCAP.KD,2024,2366.8328910323
IND,India,NY.GDP.PCAP.KD,2023,2229.71491223037
IND,India,NY.GDP.PCAP.KD,2022,2098.21124476122
IDN,Indonesia,NY.GDP.PCAP.KD,2024,4367.94741847938
IDN,Indonesia,NY.GDP.PCAP.KD,2023,4192.64401034181
IDN,Indonesia,NY.GDP.PCAP.KD,2022,4024.91225288391
IRN,"Iran, Islamic Rep.",NY.GDP.PCAP.KD,2024,5834.44296939863
IRN,"Iran, Islamic Rep.",NY.GDP.PCAP.KD,2023,5687.84396268742
IRN,"Iran, Islamic Rep.",NY.GDP.PCAP.KD,2022,5465.31447539413
IRQ,Iraq,NY.GDP.PCAP.KD,2024,4180.29619477317
IRQ,Iraq,NY.GDP.PCAP.KD,2023,4337.0870532422
IRQ,Iraq,NY.GDP.PCAP.KD,2022,4412.99733146512
IRL,Ireland,NY.GDP.PCAP.KD,2024,94474.9879707069
IRL,Ireland,NY.GDP.PCAP.KD,2023,93541.9643678381
IRL,Ireland,NY.GDP.PCAP.KD,2022,97793.5366671697
IMN,Isle of Man,NY.GDP.PCAP.KD,2024,
IMN,Isle of Man,NY.GDP.PCAP.KD,2023,84315.137992954
IMN,Isle of Man,NY.GDP.PCAP.KD,2022,86100.5672917037
ISR,Israel,NY.GDP.PCAP.KD,2024,41882.0474698252
ISR,Israel,NY.GDP.PCAP.KD,2023,42131.7415675806
ISR,Israel,NY.GDP.PCAP.KD,2022,42539.2748766689
ITA,Italy,NY.GDP.PCAP.KD,2024,34508.1235191237
ITA,Italy,NY.GDP.PCAP.KD,2023,34221.7182928271
ITA,Italy,NY.GDP.PCAP.KD,2022,33891.8866526216
JAM,Jamaica,NY.GDP.PCAP.KD,2024,6096.4327030963
JAM,Jamaica,NY.GDP.PCAP.KD,2023,6127.90771263434
JAM,Jamaica,NY.GDP.PCAP.KD,2022,5965.46127464873
JPN,Japan,NY.GDP.PCAP.KD,2024,37976.6371788298
JPN,Japan,NY.GDP.PCAP.KD,2023,37902.5492204411
JPN,Japan,NY.GDP.PCAP.KD,2022,37448.3504824849
JOR,Jordan,NY.GDP.PCAP.KD,2024,4441.03974922351
JOR,Jordan,NY.GDP.PCAP.KD,2023,4373.38088482368
JOR,Jordan,NY.GDP.PCAP.KD,2022,4309.61432856804
KAZ,Kazakhstan,NY.GDP.PCAP.KD,2024,11872.7842626298
KAZ,Kazakhstan,NY.GDP.PCAP.KD,2023,11453.3952725363
KAZ,Kazakhstan,NY.GDP.PCAP.KD,2022,11058.3482413407
KEN,Kenya,NY.GDP.PCAP.KD,2024,1858.87650030024
KEN,Kenya,NY.GDP.PCAP.KD,2023,1811.21651838425
KEN,Kenya,NY.GDP.PCAP.KD,2022,1747.53198804428
KIR,Kiribati,NY.GDP.PCAP.KD,2024,2052.81298774256
KIR,Kiribati,NY.GDP.PCAP.KD,2023,1990.14605922104
KIR,Kiribati,NY.GDP.PCAP.KD,2022,1960.15475844976
PRK,"Korea, Dem. People's Rep.",NY.GDP.PCAP.KD,2024,
PRK,"Korea, Dem. People's Rep.",NY.GDP.PCAP.KD,2023,
PRK,"Korea, Dem. People's Rep.",NY.GDP.PCAP.KD,2022,
KOR,"Korea, Rep.",NY.GDP.PCAP.KD,2024,37048.4264001496
KOR,"Korea, Rep.",NY.GDP.PCAP.KD,2023,36347.7036392553
KOR,"Korea, Rep.",NY.GDP.PCAP.KD,2022,35809.0138105144
XKX,Kosovo,NY.GDP.PCAP.KD,2024,5631.67958854422
XKX,Kosovo,NY.GDP.PCAP.KD,2023,5102.74674921908
XKX,Kosovo,NY.GDP.PCAP.KD,2022,4666.38918595784
KWT,Kuwait,NY.GDP.PCAP.KD,2024,24140.3257964584
KWT,Kuwait,NY.GDP.PCAP.KD,2023,24722.8143701857
KWT,Kuwait,NY.GDP.PCAP.KD,2022,26579.8321646876
KGZ,Kyrgyz Republic,NY.GDP.PCAP.KD,2024,1423.58624650541
KGZ,Kyrgyz Republic,NY.GDP.PCAP.KD,2023,1298.25724482211
KGZ,Kyrgyz Republic,NY.GDP.PCAP.KD,2022,1212.17812721768
LAO,Lao PDR,NY.GDP.PCAP.KD,2024,2721.07810663122
LAO,Lao PDR,NY.GDP.PCAP.KD,2023,2648.88726608035
LAO,Lao PDR,NY.GDP.PCAP.KD,2022,2589.05015191628
LVA,Latvia,NY.GDP.PCAP.KD,2024,16376.2565245797
LVA,Latvia,NY.GDP.PCAP.KD,2023,16229.3844520245
LVA,Latvia,NY.GDP.PCAP.KD,2022,16421.3748596
LBN,Lebanon,NY.GDP.PCAP.KD,2024,5391.22914209501
LBN,Lebanon,NY.GDP.PCAP.KD,2023,5834.63415739394
LBN,Lebanon,NY.GDP.PCAP.KD,2022,5909.03651555028
LSO,Lesotho,NY.GDP.PCAP.KD,2024,1012.59379523386
LSO,Lesotho,NY.GDP.PCAP.KD,2023,973.116561960912
LSO,Lesotho,NY.GDP.PCAP.KD,2022,967.51928598325
LBR,Liberia,NY.GDP.PCAP.KD,2024,665.101337624192
LBR,Liberia,NY.GDP.PCAP.KD,2023,653.329188343162
LBR,Liberia,NY.GDP.PCAP.KD,2022,638.005183858289
LBY,Libya,NY.GDP.PCAP.KD,2024,7696.0807819319
LBY,Libya,NY.GDP.PCAP.KD,2023,7630.49664928174
LBY,Libya,NY.GDP.PCAP.KD,2022,7002.68189296358
LIE,Liechtenstein,NY.GDP.PCAP.KD,2024,
LIE,Liechtenstein,NY.GDP.PCAP.KD,2023,
LIE,Liechtenstein,NY.GDP.PCAP.KD,2022,
LTU,Lithuania,NY.GDP.PCAP.KD,2024,19205.4152293136
LTU,Lithuania,NY.GDP.PCAP.KD,2023,18748.9302647191
LTU,Lithuania,NY.GDP.PCAP.KD,2022,18873.8427527274
LUX,Luxembourg,NY.GDP.PCAP.KD,2024,104147.111291588
LUX,Luxembourg,NY.GDP.PCAP.KD,2023,105422.764660192
LUX,Luxembourg,NY.GDP.PCAP.KD,2022,107467.123965307
MAC,"Macao SAR, China",NY.GDP.PCAP.KD,2024,63377.2932129214
MAC,"Macao SAR, China",NY.GDP.PCAP.KD,2023,59474.3964251614
MAC,"Macao SAR, China",NY.GDP.PCAP.KD,2022,34000.7134128308
MDG,Madagascar,NY.GDP.PCAP.KD,2024,453.957809653992
MDG,Madagascar,NY.GDP.PCAP.KD,2023,445.874102052267
MDG,Madagascar,NY.GDP.PCAP.KD,2022,438.438112102315
MWI,Malawi,NY.GDP.PCAP.KD,2024,551.95152347056
MWI,Malawi,NY.GDP.PCAP.KD,2023,557.03523965791
MWI,Malawi,NY.GDP.PCAP.KD,2022,560.635759714941
MYS,Malaysia,NY.GDP.PCAP.KD,2024,11883.79127749
MYS,Malaysia,NY.GDP.PCAP.KD,2023,11445.3925275079
MYS,Malaysia,NY.GDP.PCAP.KD,2022,11191.6511756943
MDV,Maldives,NY.GDP.PCAP.KD,2024,11798.791369146
MDV,Maldives,NY.GDP.PCAP.KD,2023,11439.5364342871
MDV,Maldives,NY.GDP.PCAP.KD,2022,10939.9963271738
MLI,Mali,NY.GDP.PCAP.KD,2024,910.300376300627
MLI,Mali,NY.GDP.PCAP.KD,2023,892.689219532429
MLI,Mali,NY.GDP.PCAP.KD,2022,877.817842434642
MLT,Malta,NY.GDP.PCAP.KD,2024,34501.7892727094
MLT,Malta,NY.GDP.PCAP.KD,2023,33429.8172092336
MLT,Malta,NY.GDP.PCAP.KD,2022,31447.3917315418
MHL,Marshall Islands,NY.GDP.PCAP.KD,2024,5832.53435602429
MHL,Marshall Islands,NY.GDP.PCAP.KD,2023,5460.11795915213
MHL,Marshall Islands,NY.GDP.PCAP.KD,2022,5591.46393193103
MRT,Mauritania,NY.GDP.PCAP.KD,2024,1692.84166088843
MRT,Mauritania,NY.GDP.PCAP.KD,2023,1638.99221583023
MRT,Mauritania,NY.GDP.PCAP.KD,2022,1580.70391528747
MUS,Mauritius,NY.GDP.PCAP.KD,2024,11918.8045212095
MUS,Mauritius,NY.GDP.PCAP.KD,2023,11330.7335655767
MUS,Mauritius,NY.GDP.PCAP.KD,2022,10703.2364271462
MEX,Mexico,NY.GDP.PCAP.KD,2024,10284.0336925726
MEX,Mexico,NY.GDP.PCAP.KD,2023,10234.6840265651
MEX,Mexico,NY.GDP.PCAP.KD,2022,10013.2479227064
FSM,"Micronesia, Fed. Sts.",NY.GDP.PCAP.KD,2024,3001.79669747008
FSM,"Micronesia, Fed. Sts.",NY.GDP.PCAP.KD,2023,2948.07720975276
FSM,"Micronesia, Fed. Sts.",NY.GDP.PCAP.KD,2022,2928.52464245951
MDA,Moldova,NY.GDP.PCAP.KD,2024,3855.56940382925
MDA,Moldova,NY.GDP.PCAP.KD,2023,3758.3688194082
MDA,Moldova,NY.GDP.PCAP.KD,2022,3610.14315344719
MCO,Monaco,NY.GDP.PCAP.KD,2024,247170.10380708
MCO,Monaco,NY.GDP.PCAP.KD,2023,225884.077199125
MCO,Monaco,NY.GDP.PCAP.KD,2022,214359.505134575
MNG,Mongolia,NY.GDP.PCAP.KD,2024,4626.79609644243
MNG,Mongolia,NY.GDP.PCAP.KD,2023,4456.53627552726
MNG,Mongolia,NY.GDP.PCAP.KD,2022,4205.88554513551
MNE,Montenegro,NY.GDP.PCAP.KD,2024,8540.00427762252
MNE,Montenegro,NY.GDP.PCAP.KD,2023,8278.02461006262
MNE,Montenegro,NY.GDP.PCAP.KD,2022,7773.59958791074
MAR,Morocco,NY.GDP.PCAP.KD,2024,3516.15405273438
MAR,Morocco,NY.GDP.PCAP.KD,2023,3421.21704101563
MAR,Morocco,NY.GDP.PCAP.KD,2022,3334.91162109375
MOZ,Mozambique,NY.GDP.PCAP.KD,2024,605.763481416969
MOZ,Mozambique,NY.GDP.PCAP.KD,2023,610.591041611538
MOZ,Mozambique,NY.GDP.PCAP.KD,2022,596.086630918965
MMR,Myanmar,NY.GDP.PCAP.KD,2024,1158.47928097728
MMR,Myanmar,NY.GDP.PCAP.KD,2023,1177.76649645563
MMR,Myanmar,NY.GDP.PCAP.KD,2022,1174.76697945755
NAM,Namibia,NY.GDP.PCAP.KD,2024,4032.40150676649
NAM,Namibia,NY.GDP.PCAP.KD,2023,3973.49010579998
NAM,Namibia,NY.GDP.PCAP.KD,2022,3905.55135268164
NRU,Naoero,NY.GDP.PCAP.KD,2024,8218.72476802021
NRU,Naoero,NY.GDP.PCAP.KD,2023,8150.43396263948
NRU,Naoero,NY.GDP.PCAP.KD,2022,8260.97398991108
NPL,Nepal,NY.GDP.PCAP.KD,2024,1179.95499311034
NPL,Nepal,NY.GDP.PCAP.KD,2023,1136.4276931197
NPL,Nepal,NY.GDP.PCAP.KD,2022,1113.55462341223
NLD,Netherlands,NY.GDP.PCAP.KD,2024,51174.8997297902
NLD,Netherlands,NY.GDP.PCAP.KD,2023,50960.7810305308
NLD,Netherlands,NY.GDP.PCAP.KD,2022,51777.5314828276
NCL,New Caledonia,NY.GDP.PCAP.KD,2024,
NCL,New Caledonia,NY.GDP.PCAP.KD,2023,
NCL,New Caledonia,NY.GDP.PCAP.KD,2022,
NZL,New Zealand,NY.GDP.PCAP.KD,2024,41415.4670639187
NZL,New Zealand,NY.GDP.PCAP.KD,2023,42501.4932044968
NZL,New Zealand,NY.GDP.PCAP.KD,2022,42716.0866783034
NIC,Nicaragua,NY.GDP.PCAP.KD,2024,2290.31991989418
NIC,Nicaragua,NY.GDP.PCAP.KD,2023,2241.1228811163
NIC,Nicaragua,NY.GDP.PCAP.KD,2022,2175.73845893874
NER,Niger,NY.GDP.PCAP.KD,2024,589.085643279512
NER,Niger,NY.GDP.PCAP.KD,2023,561.960694711722
NER,Niger,NY.GDP.PCAP.KD,2022,565.873385794358
NGA,Nigeria,NY.GDP.PCAP.KD,2024,2324.59702394542
NGA,Nigeria,NY.GDP.PCAP.KD,2023,2280.67777167162
NGA,Nigeria,NY.GDP.PCAP.KD,2022,2254.29080414598
MKD,North Macedonia,NY.GDP.PCAP.KD,2024,6628.84686594032
MKD,North Macedonia,NY.GDP.PCAP.KD,2023,6423.99221393369
MKD,North Macedonia,NY.GDP.PCAP.KD,2022,6250.62720952063
MNP,Northern Mariana Islands,NY.GDP.PCAP.KD,2024,
MNP,Northern Mariana Islands,NY.GDP.PCAP.KD,2023,
MNP,Northern Mariana Islands,NY.GDP.PCAP.KD,2022,19461.8611129744
NOR,Norway,NY.GDP.PCAP.KD,2024,83487.1332276928
NOR,Norway,NY.GDP.PCAP.KD,2023,83100.7944645872
NOR,Norway,NY.GDP.PCAP.KD,2022,83756.7383805061
OMN,Oman,NY.GDP.PCAP.KD,2024,17347.2911298513
OMN,Oman,NY.GDP.PCAP.KD,2023,17853.9644897801
OMN,Oman,NY.GDP.PCAP.KD,2022,18792.4460565306
PAK,Pakistan,NY.GDP.PCAP.KD,2024,1635.08731167091
PAK,Pakistan,NY.GDP.PCAP.KD,2023,1610.33122837537
PAK,Pakistan,NY.GDP.PCAP.KD,2022,1642.28066974826
PLW,Palau,NY.GDP.PCAP.KD,2024,14666.5457772703
PLW,Palau,NY.GDP.PCAP.KD,2023,13070.7944502154
PLW,Palau,NY.GDP.PCAP.KD,2022,12889.6216058288
PAN,Panama,NY.GDP.PCAP.KD,2024,17122.7168795289
PAN,Panama,NY.GDP.PCAP.KD,2023,16877.1543425646
PAN,Panama,NY.GDP.PCAP.KD,2022,15956.0671087873
PNG,Papua New Guinea,NY.GDP.PCAP.KD,2024,2566.91067057792
PNG,Papua New Guinea,NY.GDP.PCAP.KD,2023,2515.28575096589
PNG,Papua New Guinea,NY.GDP.PCAP.KD,2022,2467.24008628973
PRY,Paraguay,NY.GDP.PCAP.KD,2024,6670.6995656958
PRY,Paraguay,NY.GDP.PCAP.KD,2023,6452.28566840034
PRY,Paraguay,NY.GDP.PCAP.KD,2022,6204.20811531911
PER,Peru,NY.GDP.PCAP.KD,2024,6732.27773809578
PER,Peru,NY.GDP.PCAP.KD,2023,6575.18295502228
PER,Peru,NY.GDP.PCAP.KD,2022,6671.28902042137
PHL,Philippines,NY.GDP.PCAP.KD,2024,3926.14900894495
PHL,Philippines,NY.GDP.PCAP.KD,2023,3744.69763802686
PHL,Philippines,NY.GDP.PCAP.KD,2022,3577.70136573244
POL,Poland,NY.GDP.PCAP.KD,2024,18000.5034591285
POL,Poland,NY.GDP.PCAP.KD,2023,17410.3830137066
POL,Poland,NY.GDP.PCAP.KD,2022,17303.64494323
PRT,Portugal,NY.GDP.PCAP.KD,2024,22663.993126225
PRT,Portugal,NY.GDP.PCAP.KD,2023,22417.1634060906
PRT,Portugal,NY.GDP.PCAP.KD,2022,22042.8680283647
PRI,Puerto Rico (US),NY.GDP.PCAP.KD,2024,30978.7473320338
PRI,Puerto Rico (US),NY.GDP.PCAP.KD,2023,30012.9055109463
PRI,Puerto Rico (US),NY.GDP.PCAP.KD,2022,29643.6396279994
QAT,Qatar,NY.GDP.PCAP.KD,2024,62395.3113297112
QAT,Qatar,NY.GDP.PCAP.KD,2023,65111.033321485
QAT,Qatar,NY.GDP.PCAP.KD,2022,64315.6263643699
ROU,Romania,NY.GDP.PCAP.KD,2024,12459.9112061891
ROU,Romania,NY.GDP.PCAP.KD,2023,12340.8170509969
ROU,Romania,NY.GDP.PCAP.KD,2022,12076.3033811896
RUS,Russian Federation,NY.GDP.PCAP.KD,2024,11092.6337890625
RUS,Russian Federation,NY.GDP.PCAP.KD,2023,10560.4658203125
RUS,Russian Federation,NY.GDP.PCAP.KD,2022,10119.115234375
RWA,Rwanda,NY.GDP.PCAP.KD,2024,1043.15961499906
RWA,Rwanda,NY.GDP.PCAP.KD,2023,993.911004643524
RWA,Rwanda,NY.GDP.PCAP.KD,2022,935.89483254264
WSM,Samoa,NY.GDP.PCAP.KD,2024,4880.54418032056
WSM,Samoa,NY.GDP.PCAP.KD,2023,4688.46305366113
WSM,Samoa,NY.GDP.PCAP.KD,2022,4095.15875576978
SMR,San Marino,NY.GDP.PCAP.KD,2024,
SMR,San Marino,NY.GDP.PCAP.KD,2023,51323.7741002928
SMR,San Marino,NY.GDP.PCAP.KD,2022,51277.3242468583
STP,Sao Tome and Principe,NY.GDP.PCAP.KD,2024,1373.27082138436
STP,Sao Tome and Principe,NY.GDP.PCAP.KD,2023,1380.60169416257
STP,Sao Tome and Principe,NY.GDP.PCAP.KD,2022,1403.23356704678
SAU,Saudi Arabia,NY.GDP.PCAP.KD,2024,25123.0122060281
SAU,Saudi Arabia,NY.GDP.PCAP.KD,2023,25634.8237547841
SAU,Saudi Arabia,NY.GDP.PCAP.KD,2022,26706.917926066
SEN,Senegal,NY.GDP.PCAP.KD,2024,1517.61838829684
SEN,Senegal,NY.GDP.PCAP.KD,2023,1458.9664233275
SEN,Senegal,NY.GDP.PCAP.KD,2022,1433.19918752288
SRB,Serbia,NY.GDP.PCAP.KD,2024,8580.26105823259
SRB,Serbia,NY.GDP.PCAP.KD,2023,8208.4786891507
SRB,Serbia,NY.GDP.PCAP.KD,2022,7862.95387364846
SYC,Seychelles,NY.GDP.PCAP.KD,2024,16612.6374865452
SYC,Seychelles,NY.GDP.PCAP.KD,2023,16286.8557867673
SYC,Seychelles,NY.GDP.PCAP.KD,2022,15471.2109575418
SLE,Sierra Leone,NY.GDP.PCAP.KD,2024,1137.29005648131
SLE,Sierra Leone,NY.GDP.PCAP.KD,2023,1113.86837500697
SLE,Sierra Leone,NY.GDP.PCAP.KD,2022,1077.08884538507
SGP,Singapore,NY.GDP.PCAP.KD,2024,68129.6960402288
SGP,Singapore,NY.GDP.PCAP.KD,2023,65976.7068036903
SGP,Singapore,NY.GDP.PCAP.KD,2022,68271.0897525302
SXM,Sint Maarten (Dutch part),NY.GDP.PCAP.KD,2024,34840.1808133458
SXM,Sint Maarten (Dutch part),NY.GDP.PCAP.KD,2023,34300.9630414348
SXM,Sint Maarten (Dutch part),NY.GDP.PCAP.KD,2022,33523.6042042737
SVK,Slovak Republic,NY.GDP.PCAP.KD,2024,19776.1758069498
SVK,Slovak Republic,NY.GDP.PCAP.KD,2023,19383.3732009401
SVK,Slovak Republic,NY.GDP.PCAP.KD,2022,18964.8298400624
SVN,Slovenia,NY.GDP.PCAP.KD,2024,26134.627203987
SVN,Slovenia,NY.GDP.PCAP.KD,2023,25773.9015835069
SVN,Slovenia,NY.GDP.PCAP.KD,2022,25275.715967757
SLB,Solomon Islands,NY.GDP.PCAP.KD,2024,1806.38367324387
SLB,Solomon Islands,NY.GDP.PCAP.KD,2023,1795.88798697142
SLB,Solomon Islands,NY.GDP.PCAP.KD,2022,1788.61727922057
SOM,"Somalia, Fed. Rep.",NY.GDP.PCAP.KD,2024,467.269910194458
SOM,"Somalia, Fed. Rep.",NY.GDP.PCAP.KD,2023,464.72106952561
SOM,"Somalia, Fed. Rep.",NY.GDP.PCAP.KD,2022,460.046226685238
ZAF,South Africa,NY.GDP.PCAP.KD,2024,5715.47531469148
ZAF,South Africa,NY.GDP.PCAP.KD,2023,5756.55049453121
ZAF,South Africa,NY.GDP.PCAP.KD,2022,5786.86505344736
SSD,South Sudan,NY.GDP.PCAP.KD,2024,
SSD,South Sudan,NY.GDP.PCAP.KD,2023,
SSD,South Sudan,NY.GDP.PCAP.KD,2022,
ESP,Spain,NY.GDP.PCAP.KD,2024,29245.2192451729
ESP,Spain,NY.GDP.PCAP.KD,2023,28558.6319817501
ESP,Spain,NY.GDP.PCAP.KD,2022,28203.1093419474
LKA,Sri Lanka,NY.GDP.PCAP.KD,2024,4198.74513727898
LKA,Sri Lanka,NY.GDP.PCAP.KD,2023,3977.13564995085
LKA,Sri Lanka,NY.GDP.PCAP.KD,2022,4033.14560306744
KNA,St. Kitts and Nevis,NY.GDP.PCAP.KD,2024,21692.2406392872
KNA,St. Kitts and Nevis,NY.GDP.PCAP.KD,2023,21664.0333984701
KNA,St. Kitts and Nevis,NY.GDP.PCAP.KD,2022,21050.758653729
LCA,St. Lucia,NY.GDP.PCAP.KD,2024,12190.7970890156
LCA,St. Lucia,NY.GDP.PCAP.KD,2023,11665.6826047818
LCA,St. Lucia,NY.GDP.PCAP.KD,2022,11258.6110790564
MAF,St. Martin (French part),NY.GDP.PCAP.KD,2024,
MAF,St. Martin (French part),NY.GDP.PCAP.KD,2023,
MAF,St. Martin (French part),NY.GDP.PCAP.KD,2022,
VCT,St. Vincent and the Grenadines,NY.GDP.PCAP.KD,2024,9485.18771201686
VCT,St. Vincent and the Grenadines,NY.GDP.PCAP.KD,2023,9051.35208011007
VCT,St. Vincent and the Grenadines,NY.GDP.PCAP.KD,2022,8532.7381341339
SDN,Sudan,NY.GDP.PCAP.KD,2024,578.38916015625
SDN,Sudan,NY.GDP.PCAP.KD,2023,677.723205566406
SDN,Sudan,NY.GDP.PCAP.KD,2022,973.225280761719
SUR,Suriname,NY.GDP.PCAP.KD,2024,7246.25768221495
SUR,Suriname,NY.GDP.PCAP.KD,2023,7186.47308144145
SUR,Suriname,NY.GDP.PCAP.KD,2022,7081.33357325783
SWE,Sweden,NY.GDP.PCAP.KD,2024,54316.2619329718
SWE,Sweden,NY.GDP.PCAP.KD,2023,53937.7967122429
SWE,Sweden,NY.GDP.PCAP.KD,2022,54304.1877501033
CHE,Switzerland,NY.GDP.PCAP.KD,2024,93018.3768706697
CHE,Switzerland,NY.GDP.PCAP.KD,2023,92947.9424441568
CHE,Switzerland,NY.GDP.PCAP.KD,2022,93360.440112464
SYR,Syrian Arab Republic,NY.GDP.PCAP.KD,2024,
SYR,Syrian Arab Republic,NY.GDP.PCAP.KD,2023,
SYR,Syrian Arab Republic,NY.GDP.PCAP.KD,2022,716.943843933856
TJK,Tajikistan,NY.GDP.PCAP.KD,2024,1496.33813395037
TJK,Tajikistan,NY.GDP.PCAP.KD,2023,1407.1075436221
TJK,Tajikistan,NY.GDP.PCAP.KD,2022,1325.75545290849
TZA,Tanzania,NY.GDP.PCAP.KD,2024,1120.77416992188
TZA,Tanzania,NY.GDP.PCAP.KD,2023,1092.86413574219
TZA,Tanzania,NY.GDP.PCAP.KD,2022,1070.58532714844
THA,Thailand,NY.GDP.PCAP.KD,2024,6616.58539335928
THA,Thailand,NY.GDP.PCAP.KD,2023,6423.99101164149
THA,Thailand,NY.GDP.PCAP.KD,2022,6279.82250415973
TLS,Timor-Leste,NY.GDP.PCAP.KD,2024,1149.21889002201
TLS,Timor-Leste,NY.GDP.PCAP.KD,2023,1279.2112241611
TLS,Timor-Leste,NY.GDP.PCAP.KD,2022,1579.71084680858
TGO,Togo,NY.GDP.PCAP.KD,2024,1053.81653764697
TGO,Togo,NY.GDP.PCAP.KD,2023,1011.2308927823
TGO,Togo,NY.GDP.PCAP.KD,2022,970.535975822983
TON,Tonga,NY.GDP.PCAP.KD,2024,4779.92399898557
TON,Tonga,NY.GDP.PCAP.KD,2023,4680.30010664357
TON,Tonga,NY.GDP.PCAP.KD,2022,4533.96809820124
TTO,Trinidad and Tobago,NY.GDP.PCAP.KD,2024,16312.4849555716
TTO,Trinidad and Tobago,NY.GDP.PCAP.KD,2023,15922.7668349788
TTO,Trinidad and Tobago,NY.GDP.PCAP.KD,2022,15712.230497272
TUN,Tunisia,NY.GDP.PCAP.KD,2024,4006.20588267443
TUN,Tunisia,NY.GDP.PCAP.KD,2023,3967.33387634534
TUN,Tunisia,NY.GDP.PCAP.KD,2022,3986.54558325666
TUR,Turkiye,NY.GDP.PCAP.KD,2024,15395.0278894893
TUR,Turkiye,NY.GDP.PCAP.KD,2023,14932.8851363122
TUR,Turkiye,NY.GDP.PCAP.KD,2022,14273.5747654873
TKM,Turkmenistan,NY.GDP.PCAP.KD,2024,8229.67261114232
TKM,Turkmenistan,NY.GDP.PCAP.KD,2023,7879.96559789716
TKM,Turkmenistan,NY.GDP.PCAP.KD,2022,7549.25301930356
TCA,Turks and Caicos Islands,NY.GDP.PCAP.KD,2024,57179.29601876
TCA,Turks and Caicos Islands,NY.GDP.PCAP.KD,2023,54523.0330927151
TCA,Turks and Caicos Islands,NY.GDP.PCAP.KD,2022,48307.3079245499
TUV,Tuvalu,NY.GDP.PCAP.KD,2024,4382.8876648687
TUV,Tuvalu,NY.GDP.PCAP.KD,2023,4165.7693870564
TUV,Tuvalu,NY.GDP.PCAP.KD,2022,3953.66795349958
UGA,Uganda,NY.GDP.PCAP.KD,2024,986.090145363924
UGA,Uganda,NY.GDP.PCAP.KD,2023,955.745797275462
UGA,Uganda,NY.GDP.PCAP.KD,2022,933.094056370423
UKR,Ukraine,NY.GDP.PCAP.KD,2024,2226.05810546875
UKR,Ukraine,NY.GDP.PCAP.KD,2023,2164.26123046875
UKR,Ukraine,NY.GDP.PCAP.KD,2022,1874.66296386719
ARE,United Arab Emirates,NY.GDP.PCAP.KD,2024,41605.4138706908
ARE,United Arab Emirates,NY.GDP.PCAP.KD,2023,41926.5773498407
ARE,United Arab Emirates,NY.GDP.PCAP.KD,2022,41828.5686923546
GBR,United Kingdom,NY.GDP.PCAP.KD,2024,47900.9680144146
GBR,United Kingdom,NY.GDP.PCAP.KD,2023,47911.1540134832
GBR,United Kingdom,NY.GDP.PCAP.KD,2022,48410.095170282
USA,United States,NY.GDP.PCAP.KD,2024,66856.5131698371
USA,United States,NY.GDP.PCAP.KD,2023,65667.281580468
USA,United States,NY.GDP.PCAP.KD,2022,64322.2332819139
URY,Uruguay,NY.GDP.PCAP.KD,2024,19024.1204266155
URY,Uruguay,NY.GDP.PCAP.KD,2023,18403.6753125157
URY,Uruguay,NY.GDP.PCAP.KD,2022,18249.2912168828
UZB,Uzbekistan,NY.GDP.PCAP.KD,2024,4477.90745486742
UZB,Uzbekistan,NY.GDP.PCAP.KD,2023,4281.20542121225
UZB,Uzbekistan,NY.GDP.PCAP.KD,2022,4109.08421031655
VUT,Vanuatu,NY.GDP.PCAP.KD,2024,3223.85237984109
VUT,Vanuatu,NY.GDP.PCAP.KD,2023,3178.3031116212
VUT,Vanuatu,NY.GDP.PCAP.KD,2022,3073.86062658113
VEN,"Venezuela, RB",NY.GDP.PCAP.KD,2024,1501.22207949327
VEN,"Venezuela, RB",NY.GDP.PCAP.KD,2023,1427.88655943805
VEN,"Venezuela, RB",NY.GDP.PCAP.KD,2022,1376.93801227125
VNM,Viet Nam,NY.GDP.PCAP.KD,2024,4012.50779921084
VNM,Viet Nam,NY.GDP.PCAP.KD,2023,3772.36029116103
VNM,Viet Nam,NY.GDP.PCAP.KD,2022,3617.66311280437
VIR,Virgin Islands (U.S.),NY.GDP.PCAP.KD,2024,
VIR,Virgin Islands (U.S.),NY.GDP.PCAP.KD,2023,
VIR,Virgin Islands (U.S.),NY.GDP.PCAP.KD,2022,36983.431060272
PSE,West Bank and Gaza,NY.GDP.PCAP.KD,2024,2258.20698667764
PSE,West Bank and Gaza,NY.GDP.PCAP.KD,2023,2997.22694077849
PSE,West Bank and Gaza,NY.GDP.PCAP.KD,2022,3099.9609010368
YEM,"Yemen, Rep.",NY.GDP.PCAP.KD,2024,
YEM,"Yemen, Rep.",NY.GDP.PCAP.KD,2023,
YEM,"Yemen, Rep.",NY.GDP.PCAP.KD,2022,
ZMB,Zambia,NY.GDP.PCAP.KD,2024,1343.38966380353
ZMB,Zambia,NY.GDP.PCAP.KD,2023,1330.85998216751
ZMB,Zambia,NY.GDP.PCAP.KD,2022,1298.8480495593
ZWE,Zimbabwe,NY.GDP.PCAP.KD,2024,1416.80065463874
ZWE,Zimbabwe,NY.GDP.PCAP.KD,2023,1418.47184628799
ZWE,Zimbabwe,NY.GDP.PCAP.KD,2022,1369.19761495571
AFE,Africa Eastern and Southern,NE.GDI.TOTL.ZS,2024,18.5096855776108
AFE,Africa Eastern and Southern,NE.GDI.TOTL.ZS,2023,19.8439885640593
AFE,Africa Eastern and Southern,NE.GDI.TOTL.ZS,2022,20.4602088639754
AFW,Africa Western and Central,NE.GDI.TOTL.ZS,2024,
AFW,Africa Western and Central,NE.GDI.TOTL.ZS,2023,
AFW,Africa Western and Central,NE.GDI.TOTL.ZS,2022,
ARB,Arab World,NE.GDI.TOTL.ZS,2024,26.3984966689811
ARB,Arab World,NE.GDI.TOTL.ZS,2023,26.0419090539278
ARB,Arab World,NE.GDI.TOTL.ZS,2022,24.7992811189169
CSS,Caribbean small states,NE.GDI.TOTL.ZS,2024,
CSS,Caribbean small states,NE.GDI.TOTL.ZS,2023,
CSS,Caribbean small states,NE.GDI.TOTL.ZS,2022,
CEB,Central Europe and the Baltics,NE.GDI.TOTL.ZS,2024,21.5442193641404
CEB,Central Europe and the Baltics,NE.GDI.TOTL.ZS,2023,22.4421873463163
CEB,Central Europe and the Baltics,NE.GDI.TOTL.ZS,2022,26.008262584263
EAR,Early-demographic dividend,NE.GDI.TOTL.ZS,2024,28.1490216711262
EAR,Early-demographic dividend,NE.GDI.TOTL.ZS,2023,28.4356645168283
EAR,Early-demographic dividend,NE.GDI.TOTL.ZS,2022,28.2463035455006
EAS,East Asia & Pacific,NE.GDI.TOTL.ZS,2024,34.7766958895711
EAS,East Asia & Pacific,NE.GDI.TOTL.ZS,2023,35.1710895675472
EAS,East Asia & Pacific,NE.GDI.TOTL.ZS,2022,36.3194530671178
EAP,East Asia & Pacific (excluding high income),NE.GDI.TOTL.ZS,2024,38.5692686253475
EAP,East Asia & Pacific (excluding high income),NE.GDI.TOTL.ZS,2023,39.144457274708
EAP,East Asia & Pacific (excluding high income),NE.GDI.TOTL.ZS,2022,40.418732073074
TEA,East Asia & Pacific (IDA & IBRD countries),NE.GDI.TOTL.ZS,2024,38.5693393009643
TEA,East Asia & Pacific (IDA & IBRD countries),NE.GDI.TOTL.ZS,2023,39.1445406865256
TEA,East Asia & Pacific (IDA & IBRD countries),NE.GDI.TOTL.ZS,2022,40.418870504936
EMU,Euro area,NE.GDI.TOTL.ZS,2024,21.4231833624219
EMU,Euro area,NE.GDI.TOTL.ZS,2023,22.4042759213814
EMU,Euro area,NE.GDI.TOTL.ZS,2022,23.860747851764
ECS,Europe & Central Asia,NE.GDI.TOTL.ZS,2024,22.4573658055355
ECS,Europe & Central Asia,NE.GDI.TOTL.ZS,2023,23.2092200023965
ECS,Europe & Central Asia,NE.GDI.TOTL.ZS,2022,23.8720793183024
ECA,Europe & Central Asia (excluding high income),NE.GDI.TOTL.ZS,2024,28.9013395379019
ECA,Europe & Central Asia (excluding high income),NE.GDI.TOTL.ZS,2023,30.4396006475948
ECA,Europe & Central Asia (excluding high income),NE.GDI.TOTL.ZS,2022,31.0841006242174
TEC,Europe & Central Asia (IDA & IBRD countries),NE.GDI.TOTL.ZS,2024,25.8839957289712
TEC,Europe & Central Asia (IDA & IBRD countries),NE.GDI.TOTL.ZS,2023,26.8249697477467
TEC,Europe & Central Asia (IDA & IBRD countries),NE.GDI.TOTL.ZS,2022,26.0001109201721
EUU,European Union,NE.GDI.TOTL.ZS,2024,21.5891925782564
EUU,European Union,NE.GDI.TOTL.ZS,2023,22.5353593553062
EUU,European Union,NE.GDI.TOTL.ZS,2022,24.2028431443501
HPC,Heavily indebted poor countries (HIPC),NE.GDI.TOTL.ZS,2024,22.558615048728
HPC,Heavily indebted poor countries (HIPC),NE.GDI.TOTL.ZS,2023,24.0666906897984
HPC,Heavily indebted poor countries (HIPC),NE.GDI.TOTL.ZS,2022,25.4571661359738
,High income,NE.GDI.TOTL.ZS,2024,22.6439539857232
,High income,NE.GDI.TOTL.ZS,2023,23.0184917157536
,High income,NE.GDI.TOTL.ZS,2022,23.6290607781453
IBD,IBRD only,NE.GDI.TOTL.ZS,2024,32.3854519852049
IBD,IBRD only,NE.GDI.TOTL.ZS,2023,32.9276837467672
IBD,IBRD only,NE.GDI.TOTL.ZS,2022,33.9180029478596
IBT,IDA & IBRD total,NE.GDI.TOTL.ZS,2024,32.289041658352
IBT,IDA & IBRD total,NE.GDI.TOTL.ZS,2023,32.6744727140378
IBT,IDA & IBRD total,NE.GDI.TOTL.ZS,2022,33.5203549669798
IDB,IDA blend,NE.GDI.TOTL.ZS,2024,
IDB,IDA blend,NE.GDI.TOTL.ZS,2023,
IDB,IDA blend,NE.GDI.TOTL.ZS,2022,
IDX,IDA only,NE.GDI.TOTL.ZS,2024,26.4872494227363
IDX,IDA only,NE.GDI.TOTL.ZS,2023,27.5011430149414
IDX,IDA only,NE.GDI.TOTL.ZS,2022,29.1066813314341
IDA,IDA total,NE.GDI.TOTL.ZS,2024,28.9427880125122
IDA,IDA total,NE.GDI.TOTL.ZS,2023,27.164693610069
IDA,IDA total,NE.GDI.TOTL.ZS,2022,26.9733890491726
LTE,Late-demographic dividend,NE.GDI.TOTL.ZS,2024,33.5608072180295
LTE,Late-demographic dividend,NE.GDI.TOTL.ZS,2023,34.3220408414431
LTE,Late-demographic dividend,NE.GDI.TOTL.ZS,2022,35.4371728287653
LCN,Latin America & Caribbean,NE.GDI.TOTL.ZS,2024,19.1110584083828
LCN,Latin America & Caribbean,NE.GDI.TOTL.ZS,2023,19.0482353514155
LCN,Latin America & Caribbean,NE.GDI.TOTL.ZS,2022,20.0257479106024
LAC,Latin America & Caribbean (excluding high income),NE.GDI.TOTL.ZS,2024,18.9277815920064
LAC,Latin America & Caribbean (excluding high income),NE.GDI.TOTL.ZS,2023,18.7447244763419
LAC,Latin America & Caribbean (excluding high income),NE.GDI.TOTL.ZS,2022,19.679221766523
TLA,Latin America & the Caribbean (IDA & IBRD countries),NE.GDI.TOTL.ZS,2024,19.3865754663318
TLA,Latin America & the Caribbean (IDA & IBRD countries),NE.GDI.TOTL.ZS,2023,19.3295026437651
TLA,Latin America & the Caribbean (IDA & IBRD countries),NE.GDI.TOTL.ZS,2022,20.3335259193441
LDC,Least developed countries: UN classification,NE.GDI.TOTL.ZS,2024,26.5440243333828
LDC,Least developed countries: UN classification,NE.GDI.TOTL.ZS,2023,27.7675335439973
LDC,Least developed countries: UN classification,NE.GDI.TOTL.ZS,2022,28.9114011797638
LMY,Low & middle income,NE.GDI.TOTL.ZS,2024,33.1890566330063
LMY,Low & middle income,NE.GDI.TOTL.ZS,2023,33.5009963257578
LMY,Low & middle income,NE.GDI.TOTL.ZS,2022,34.5529440673447
,Low income,NE.GDI.TOTL.ZS,2024,20.9410252426568
,Low income,NE.GDI.TOTL.ZS,2023,21.8996615731134
,Low income,NE.GDI.TOTL.ZS,2022,23.0451222864519
,Lower middle income,NE.GDI.TOTL.ZS,2024,31.2076772339869
,Lower middle income,NE.GDI.TOTL.ZS,2023,30.5110072463047
,Lower middle income,NE.GDI.TOTL.ZS,2022,29.94382267359
MEA,"Middle East, North Africa, Afghanistan & Pakistan",NE.GDI.TOTL.ZS,2024,27.0086970247341
MEA,"Middle East, North Africa, Afghanistan & Pakistan",NE.GDI.TOTL.ZS,2023,27.1040186911981
MEA,"Middle East, North Africa, Afghanistan & Pakistan",NE.GDI.TOTL.ZS,2022,26.0137771498771
MNA,"Middle East, North Africa, Afghanistan & Pakistan (excluding high income)",NE.GDI.TOTL.ZS,2024,25.462943478289
MNA,"Middle East, North Africa, Afghanistan & Pakistan (excluding high income)",NE.GDI.TOTL.ZS,2023,25.7652316821823
MNA,"Middle East, North Africa, Afghanistan & Pakistan (excluding high income)",NE.GDI.TOTL.ZS,2022,25.4810804967098
TMN,"Middle East, North Africa, Afghanistan & Pakistan (IDA & IBRD)",NE.GDI.TOTL.ZS,2024,25.4782377692827
TMN,"Middle East, North Africa, Afghanistan & Pakistan (IDA & IBRD)",NE.GDI.TOTL.ZS,2023,25.7717588683614
TMN,"Middle East, North Africa, Afghanistan & Pakistan (IDA & IBRD)",NE.GDI.TOTL.ZS,2022,25.4717061018502
MIC,Middle income,NE.GDI.TOTL.ZS,2024,33.3575385145804
MIC,Middle income,NE.GDI.TOTL.ZS,2023,33.6514611811418
MIC,Middle income,NE.GDI.TOTL.ZS,2022,34.7052797944701
NAC,North America,NE.GDI.TOTL.ZS,2024,21.6471278824712
NAC,North America,NE.GDI.TOTL.ZS,2023,21.7184715207271
NAC,North America,NE.GDI.TOTL.ZS,2022,22.2578475347578
,Not classified,NE.GDI.TOTL.ZS,2024,
,Not classified,NE.GDI.TOTL.ZS,2023,
,Not classified,NE.GDI.TOTL.ZS,2022,
OED,OECD members,NE.GDI.TOTL.ZS,2024,22.4673183266703
OED,OECD members,NE.GDI.TOTL.ZS,2023,22.9071071111419
OED,OECD members,NE.GDI.TOTL.ZS,2022,23.7428378125914
OSS,Other small states,NE.GDI.TOTL.ZS,2024,22.9552139866442
OSS,Other small states,NE.GDI.TOTL.ZS,2023,23.4630761789611
OSS,Other small states,NE.GDI.TOTL.ZS,2022,24.190749578964
PSS,Pacific island small states,NE.GDI.TOTL.ZS,2024,23.2079213200782
PSS,Pacific island small states,NE.GDI.TOTL.ZS,2023,22.8852881375568
PSS,Pacific island small states,NE.GDI.TOTL.ZS,2022,23.5892149228045
PST,Post-demographic dividend,NE.GDI.TOTL.ZS,2024,22.3076808103107
PST,Post-demographic dividend,NE.GDI.TOTL.ZS,2023,22.6273426505381
PST,Post-demographic dividend,NE.GDI.TOTL.ZS,2022,23.4082077307099
PRE,Pre-demographic dividend,NE.GDI.TOTL.ZS,2024,
PRE,Pre-demographic dividend,NE.GDI.TOTL.ZS,2023,
PRE,Pre-demographic dividend,NE.GDI.TOTL.ZS,2022,
SST,Small states,NE.GDI.TOTL.ZS,2024,21.6084646223585
SST,Small states,NE.GDI.TOTL.ZS,2023,22.2207199306573
SST,Small states,NE.GDI.TOTL.ZS,2022,22.6377129955457
SAS,South Asia,NE.GDI.TOTL.ZS,2024,33.7309311621962
SAS,South Asia,NE.GDI.TOTL.ZS,2023,33.8836427876394
SAS,South Asia,NE.GDI.TOTL.ZS,2022,34.0385694534715
TSA,South Asia (IDA & IBRD),NE.GDI.TOTL.ZS,2024,33.7309311621962
TSA,South Asia (IDA & IBRD),NE.GDI.TOTL.ZS,2023,33.8836427876394
TSA,South Asia (IDA & IBRD),NE.GDI.TOTL.ZS,2022,34.0385694534715
SSF,Sub-Saharan Africa,NE.GDI.TOTL.ZS,2024,23.9685760014727
SSF,Sub-Saharan Africa,NE.GDI.TOTL.ZS,2023,22.4952313553101
SSF,Sub-Saharan Africa,NE.GDI.TOTL.ZS,2022,21.6115356836893
SSA,Sub-Saharan Africa (excluding high income),NE.GDI.TOTL.ZS,2024,23.9691419750371
SSA,Sub-Saharan Africa (excluding high income),NE.GDI.TOTL.ZS,2023,22.4898995652816
SSA,Sub-Saharan Africa (excluding high income),NE.GDI.TOTL.ZS,2022,21.6143942253441
TSS,Sub-Saharan Africa (IDA & IBRD countries),NE.GDI.TOTL.ZS,2024,23.9685760014728
TSS,Sub-Saharan Africa (IDA & IBRD countries),NE.GDI.TOTL.ZS,2023,22.4952313553101
TSS,Sub-Saharan Africa (IDA & IBRD countries),NE.GDI.TOTL.ZS,2022,21.6115356836893
,Upper middle income,NE.GDI.TOTL.ZS,2024,33.722069345502
,Upper middle income,NE.GDI.TOTL.ZS,2023,34.2103646160472
,Upper middle income,NE.GDI.TOTL.ZS,2022,35.6261851329301
WLD,World,NE.GDI.TOTL.ZS,2024,26.2876909759521
WLD,World,NE.GDI.TOTL.ZS,2023,26.6577465889384
WLD,World,NE.GDI.TOTL.ZS,2022,27.4739393514853
AFG,Afghanistan,NE.GDI.TOTL.ZS,2024,17.0868898068985
AFG,Afghanistan,NE.GDI.TOTL.ZS,2023,15.2924823859473
AFG,Afghanistan,NE.GDI.TOTL.ZS,2022,16.7
ALB,Albania,NE.GDI.TOTL.ZS,2024,24.9514965978049
ALB,Albania,NE.GDI.TOTL.ZS,2023,23.4392861436214
ALB,Albania,NE.GDI.TOTL.ZS,2022,26.8023654741294
DZA,Algeria,NE.GDI.TOTL.ZS,2024,41.098075603421
DZA,Algeria,NE.GDI.TOTL.ZS,2023,37.6168765143841
DZA,Algeria,NE.GDI.TOTL.ZS,2022,35.0979536992694
ASM,American Samoa,NE.GDI.TOTL.ZS,2024,
ASM,American Samoa,NE.GDI.TOTL.ZS,2023,
ASM,American Samoa,NE.GDI.TOTL.ZS,2022,
AND,Andorra,NE.GDI.TOTL.ZS,2024,
AND,Andorra,NE.GDI.TOTL.ZS,2023,
AND,Andorra,NE.GDI.TOTL.ZS,2022,
AGO,Angola,NE.GDI.TOTL.ZS,2024,10.6377456764616
AGO,Angola,NE.GDI.TOTL.ZS,2023,12.4388656074311
AGO,Angola,NE.GDI.TOTL.ZS,2022,14.5062482098448
ATG,Antigua and Barbuda,NE.GDI.TOTL.ZS,2024,
ATG,Antigua and Barbuda,NE.GDI.TOTL.ZS,2023,
ATG,Antigua and Barbuda,NE.GDI.TOTL.ZS,2022,
ARG,Argentina,NE.GDI.TOTL.ZS,2024,15.8378002382311
ARG,Argentina,NE.GDI.TOTL.ZS,2023,19.3822632919135
ARG,Argentina,NE.GDI.TOTL.ZS,2022,17.3855861358427
ARM,Armenia,NE.GDI.TOTL.ZS,2024,23.8327452429021
ARM,Armenia,NE.GDI.TOTL.ZS,2023,22.9413054452812
ARM,Armenia,NE.GDI.TOTL.ZS,2022,22.2551321660516
ABW,Aruba,NE.GDI.TOTL.ZS,2024,25.7457063450048
ABW,Aruba,NE.GDI.TOTL.ZS,2023,18.3808626720902
ABW,Aruba,NE.GDI.TOTL.ZS,2022,19.643757329474
AUS,Australia,NE.GDI.TOTL.ZS,2024,24.323541758006
AUS,Australia,NE.GDI.TOTL.ZS,2023,23.873104248989
AUS,Australia,NE.GDI.TOTL.ZS,2022,23.6997957124432
AUT,Austria,NE.GDI.TOTL.ZS,2024,23.5771489456415
AUT,Austria,NE.GDI.TOTL.ZS,2023,26.0041363951547
AUT,Austria,NE.GDI.TOTL.ZS,2022,29.2367940014427
AZE,Azerbaijan,NE.GDI.TOTL.ZS,2024,20.7000716068547
AZE,Azerbaijan,NE.GDI.TOTL.ZS,2023,17.7431851628057
AZE,Azerbaijan,NE.GDI.TOTL.ZS,2022,12.0037141895326
BHS,"Bahamas, The",NE.GDI.TOTL.ZS,2024,26.8063766358446
BHS,"Bahamas, The",NE.GDI.TOTL.ZS,2023,22.8631485204272
BHS,"Bahamas, The",NE.GDI.TOTL.ZS,2022,23.8155546600656
BHR,Bahrain,NE.GDI.TOTL.ZS,2024,28.3585894626884
BHR,Bahrain,NE.GDI.TOTL.ZS,2023,29.168098874443
BHR,Bahrain,NE.GDI.TOTL.ZS,2022,24.5901868987674
BGD,Bangladesh,NE.GDI.TOTL.ZS,2024,30.7004900245244
BGD,Bangladesh,NE.GDI.TOTL.ZS,2023,30.9512000834944
BGD,Bangladesh,NE.GDI.TOTL.ZS,2022,32.047275580905
BRB,Barbados,NE.GDI.TOTL.ZS,2024,
BRB,Barbados,NE.GDI.TOTL.ZS,2023,
BRB,Barbados,NE.GDI.TOTL.ZS,2022,
BLR,Belarus,NE.GDI.TOTL.ZS,2024,25.8414137114394
BLR,Belarus,NE.GDI.TOTL.ZS,2023,24.7116791837371
BLR,Belarus,NE.GDI.TOTL.ZS,2022,21.5979064833979
BEL,Belgium,NE.GDI.TOTL.ZS,2024,24.5534745689848
BEL,Belgium,NE.GDI.TOTL.ZS,2023,25.2961910988566
BEL,Belgium,NE.GDI.TOTL.ZS,2022,27.3616458676872
BLZ,Belize,NE.GDI.TOTL.ZS,2024,19.7878841757033
BLZ,Belize,NE.GDI.TOTL.ZS,2023,18.9112096493515
BLZ,Belize,NE.GDI.TOTL.ZS,2022,20.191917433134
BEN,Benin,NE.GDI.TOTL.ZS,2024,35.0624524984838
BEN,Benin,NE.GDI.TOTL.ZS,2023,34.5306621756362
BEN,Benin,NE.GDI.TOTL.ZS,2022,31.1483716430973
BMU,Bermuda,NE.GDI.TOTL.ZS,2024,11.038752628066
BMU,Bermuda,NE.GDI.TOTL.ZS,2023,11.2150851626763
BMU,Bermuda,NE.GDI.TOTL.ZS,2022,12.7026098741948
BTN,Bhutan,NE.GDI.TOTL.ZS,2024,42.60143228366
BTN,Bhutan,NE.GDI.TOTL.ZS,2023,45.2657364801262
BTN,Bhutan,NE.GDI.TOTL.ZS,2022,55.7788292981126
BOL,Bolivia,NE.GDI.TOTL.ZS,2024,17.9470160851028
BOL,Bolivia,NE.GDI.TOTL.ZS,2023,18.9835359683279
BOL,Bolivia,NE.GDI.TOTL.ZS,2022,18.0408015748368
BIH,Bosnia and Herzegovina,NE.GDI.TOTL.ZS,2024,27.3654614276439
BIH,Bosnia and Herzegovina,NE.GDI.TOTL.ZS,2023,27.0434003535468
BIH,Bosnia and Herzegovina,NE.GDI.TOTL.ZS,2022,27.9026684634452
BWA,Botswana,NE.GDI.TOTL.ZS,2024,36.2043201504329
BWA,Botswana,NE.GDI.TOTL.ZS,2023,30.1423262091485
BWA,Botswana,NE.GDI.TOTL.ZS,2022,26.791517866856
BRA,Brazil,NE.GDI.TOTL.ZS,2024,16.9814356044398
BRA,Brazil,NE.GDI.TOTL.ZS,2023,15.7606472065087
BRA,Brazil,NE.GDI.TOTL.ZS,2022,18.0882204442366
VGB,British Virgin Islands,NE.GDI.TOTL.ZS,2024,
VGB,British Virgin Islands,NE.GDI.TOTL.ZS,2023,
VGB,British Virgin Islands,NE.GDI.TOTL.ZS,2022,
BRN,Brunei Darussalam,NE.GDI.TOTL.ZS,2024,27.8989646632704
BRN,Brunei Darussalam,NE.GDI.TOTL.ZS,2023,29.6282073672206
BRN,Brunei Darussalam,NE.GDI.TOTL.ZS,2022,25.8510429426901
BGR,Bulgaria,NE.GDI.TOTL.ZS,2024,20.4299060253788
BGR,Bulgaria,NE.GDI.TOTL.ZS,2023,19.7877556466321
BGR,Bulgaria,NE.GDI.TOTL.ZS,2022,22.6875893032554
BFA,Burkina Faso,NE.GDI.TOTL.ZS,2024,21.7942973666908
BFA,Burkina Faso,NE.GDI.TOTL.ZS,2023,20.264268940383
BFA,Burkina Faso,NE.GDI.TOTL.ZS,2022,18.0585053758947
BDI,Burundi,NE.GDI.TOTL.ZS,2024,
BDI,Burundi,NE.GDI.TOTL.ZS,2023,
BDI,Burundi,NE.GDI.TOTL.ZS,2022,
CPV,Cabo Verde,NE.GDI.TOTL.ZS,2024,16.3137481360407
CPV,Cabo Verde,NE.GDI.TOTL.ZS,2023,21.7251071461541
CPV,Cabo Verde,NE.GDI.TOTL.ZS,2022,21.8794313027596
KHM,Cambodia,NE.GDI.TOTL.ZS,2024,32.1861316004857
KHM,Cambodia,NE.GDI.TOTL.ZS,2023,33.2944796211269
KHM,Cambodia,NE.GDI.TOTL.ZS,2022,34.5945264318735
CMR,Cameroon,NE.GDI.TOTL.ZS,2024,18.9056881687822
CMR,Cameroon,NE.GDI.TOTL.ZS,2023,19.2850918964923
CMR,Cameroon,NE.GDI.TOTL.ZS,2022,19.1074398091244
CAN,Canada,NE.GDI.TOTL.ZS,2024,23.168254276671
CAN,Canada,NE.GDI.TOTL.ZS,2023,23.6376218677924
CAN,Canada,NE.GDI.TOTL.ZS,2022,25.0269800530907
CYM,Cayman Islands,NE.GDI.TOTL.ZS,2024,
CYM,Cayman Islands,NE.GDI.TOTL.ZS,2023,
CYM,Cayman Islands,NE.GDI.TOTL.ZS,2022,
CAF,Central African Republic,NE.GDI.TOTL.ZS,2024,23.6306628287835
CAF,Central African Republic,NE.GDI.TOTL.ZS,2023,23.7477562200269
CAF,Central African Republic,NE.GDI.TOTL.ZS,2022,24.3266600012173
TCD,Chad,NE.GDI.TOTL.ZS,2024,19.5820945527789
TCD,Chad,NE.GDI.TOTL.ZS,2023,19.2864714749473
TCD,Chad,NE.GDI.TOTL.ZS,2022,17.971522488907
CHI,Channel Islands,NE.GDI.TOTL.ZS,2024,
CHI,Channel Islands,NE.GDI.TOTL.ZS,2023,
CHI,Channel Islands,NE.GDI.TOTL.ZS,2022,
CHL,Chile,NE.GDI.TOTL.ZS,2024,23.1192669583529
CHL,Chile,NE.GDI.TOTL.ZS,2023,23.3331278198537
CHL,Chile,NE.GDI.TOTL.ZS,2022,25.7670400608281
CHN,China,NE.GDI.TOTL.ZS,2024,40.4815134449629
CHN,China,NE.GDI.TOTL.ZS,2023,41.1297102455381
CHN,China,NE.GDI.TOTL.ZS,2022,42.3554333470499
COL,Colombia,NE.GDI.TOTL.ZS,2024,16.4725596445723
COL,Colombia,NE.GDI.TOTL.ZS,2023,16.380607358871
COL,Colombia,NE.GDI.TOTL.ZS,2022,19.7872446007318
COM,Comoros,NE.GDI.TOTL.ZS,2024,11.9915935727452
COM,Comoros,NE.GDI.TOTL.ZS,2023,13.2901153960903
COM,Comoros,NE.GDI.TOTL.ZS,2022,13.3347942895571
COD,"Congo, Dem. Rep.",NE.GDI.TOTL.ZS,2024,31.3868760536429
COD,"Congo, Dem. Rep.",NE.GDI.TOTL.ZS,2023,34.0781273164972
COD,"Congo, Dem. Rep.",NE.GDI.TOTL.ZS,2022,36.6858404848256
COG,"Congo, Rep.",NE.GDI.TOTL.ZS,2024,26.8446298603412
COG,"Congo, Rep.",NE.GDI.TOTL.ZS,2023,25.2109559920067
COG,"Congo, Rep.",NE.GDI.TOTL.ZS,2022,20.9792068255243
CRI,Costa Rica,NE.GDI.TOTL.ZS,2024,16.1938876806136
CRI,Costa Rica,NE.GDI.TOTL.ZS,2023,15.8466847822892
CRI,Costa Rica,NE.GDI.TOTL.ZS,2022,18.3796686094569
CIV,Cote d'Ivoire,NE.GDI.TOTL.ZS,2024,20.8698505769184
CIV,Cote d'Ivoire,NE.GDI.TOTL.ZS,2023,24.5444478808032
CIV,Cote d'Ivoire,NE.GDI.TOTL.ZS,2022,27.4853115364793
HRV,Croatia,NE.GDI.TOTL.ZS,2024,24.3198882486468
HRV,Croatia,NE.GDI.TOTL.ZS,2023,24.5586341019877
HRV,Croatia,NE.GDI.TOTL.ZS,2022,26.1828346619733
CUB,Cuba,NE.GDI.TOTL.ZS,2024,24.2142342206136
CUB,Cuba,NE.GDI.TOTL.ZS,2023,21.4185705757855
CUB,Cuba,NE.GDI.TOTL.ZS,2022,18.2946265398607
CUW,Curacao,NE.GDI.TOTL.ZS,2024,
CUW,Curacao,NE.GDI.TOTL.ZS,2023,
CUW,Curacao,NE.GDI.TOTL.ZS,2022,
CYP,Cyprus,NE.GDI.TOTL.ZS,2024,20.6776389266328
CYP,Cyprus,NE.GDI.TOTL.ZS,2023,21.4727017396107
CYP,Cyprus,NE.GDI.TOTL.ZS,2022,20.5950947059272
CZE,Czechia,NE.GDI.TOTL.ZS,2024,26.3223927850509
CZE,Czechia,NE.GDI.TOTL.ZS,2023,28.2189210871769
CZE,Czechia,NE.GDI.TOTL.ZS,2022,31.0333010301464
DNK,Denmark,NE.GDI.TOTL.ZS,2024,23.2065036119904
DNK,Denmark,NE.GDI.TOTL.ZS,2023,23.6446197797629
DNK,Denmark,NE.GDI.TOTL.ZS,2022,24.7772032902353
DJI,Djibouti,NE.GDI.TOTL.ZS,2024,0.252268985586049
DJI,Djibouti,NE.GDI.TOTL.ZS,2023,-3.7352612180732
DJI,Djibouti,NE.GDI.TOTL.ZS,2022,-10.5957415251433
DMA,Dominica,NE.GDI.TOTL.ZS,2024,
DMA,Dominica,NE.GDI.TOTL.ZS,2023,
DMA,Dominica,NE.GDI.TOTL.ZS,2022,
DOM,Dominican Republic,NE.GDI.TOTL.ZS,2024,26.9980468938553
DOM,Dominican Republic,NE.GDI.TOTL.ZS,2023,27.8145628515185
DOM,Dominican Republic,NE.GDI.TOTL.ZS,2022,30.6705570734763
ECU,Ecuador,NE.GDI.TOTL.ZS,2024,19.5061364493705
ECU,Ecuador,NE.GDI.TOTL.ZS,2023,20.7283478756321
ECU,Ecuador,NE.GDI.TOTL.ZS,2022,22.4059052025305
EGY,"Egypt, Arab Rep.",NE.GDI.TOTL.ZS,2024,12.9967401874752
EGY,"Egypt, Arab Rep.",NE.GDI.TOTL.ZS,2023,16.4907339937373
EGY,"Egypt, Arab Rep.",NE.GDI.TOTL.ZS,2022,19.8559132929551
SLV,El Salvador,NE.GDI.TOTL.ZS,2024,20.1220020911859
SLV,El Salvador,NE.GDI.TOTL.ZS,2023,21.497475229723
SLV,El Salvador,NE.GDI.TOTL.ZS,2022,24.4716130568737
GNQ,Equatorial Guinea,NE.GDI.TOTL.ZS,2024,5.05406672559606
GNQ,Equatorial Guinea,NE.GDI.TOTL.ZS,2023,5.29395318380449
GNQ,Equatorial Guinea,NE.GDI.TOTL.ZS,2022,7.33815470437154
ERI,Eritrea,NE.GDI.TOTL.ZS,2024,
ERI,Eritrea,NE.GDI.TOTL.ZS,2023,
ERI,Eritrea,NE.GDI.TOTL.ZS,2022,
EST,Estonia,NE.GDI.TOTL.ZS,2024,24.5542382524843
EST,Estonia,NE.GDI.TOTL.ZS,2023,25.1272018410877
EST,Estonia,NE.GDI.TOTL.ZS,2022,27.9197718559639
SWZ,Eswatini,NE.GDI.TOTL.ZS,2024,14.9720984162991
SWZ,Eswatini,NE.GDI.TOTL.ZS,2023,20.8277519082123
SWZ,Eswatini,NE.GDI.TOTL.ZS,2022,22.0925604538439
ETH,Ethiopia,NE.GDI.TOTL.ZS,2024,20.5754723151817
ETH,Ethiopia,NE.GDI.TOTL.ZS,2023,22.1694039604305
ETH,Ethiopia,NE.GDI.TOTL.ZS,2022,25.3422268262091
FRO,Faroe Islands,NE.GDI.TOTL.ZS,2024,28.1699465696116
FRO,Faroe Islands,NE.GDI.TOTL.ZS,2023,31.3788787867634
FRO,Faroe Islands,NE.GDI.TOTL.ZS,2022,32.3235087170667
FJI,Fiji,NE.GDI.TOTL.ZS,2024,20.8672206832872
FJI,Fiji,NE.GDI.TOTL.ZS,2023,19.7992404570242
FJI,Fiji,NE.GDI.TOTL.ZS,2022,21.8309409306188
FIN,Finland,NE.GDI.TOTL.ZS,2024,22.3393346932712
FIN,Finland,NE.GDI.TOTL.ZS,2023,23.0226552627241
FIN,Finland,NE.GDI.TOTL.ZS,2022,27.2854002667819
FRA,France,NE.GDI.TOTL.ZS,2024,21.5139121721262
FRA,France,NE.GDI.TOTL.ZS,2023,22.9278749312543
FRA,France,NE.GDI.TOTL.ZS,2022,24.0233523984125
PYF,French Polynesia,NE.GDI.TOTL.ZS,2024,21.9053653809211
PYF,French Polynesia,NE.GDI.TOTL.ZS,2023,22.6504245108896
PYF,French Polynesia,NE.GDI.TOTL.ZS,2022,22.50674340275
GAB,Gabon,NE.GDI.TOTL.ZS,2024,19.1352290513023
GAB,Gabon,NE.GDI.TOTL.ZS,2023,18.0760661099963
GAB,Gabon,NE.GDI.TOTL.ZS,2022,16.0269404879625
GMB,"Gambia, The",NE.GDI.TOTL.ZS,2024,29.9390742901818
GMB,"Gambia, The",NE.GDI.TOTL.ZS,2023,27.4459749946814
GMB,"Gambia, The",NE.GDI.TOTL.ZS,2022,28.6236492072635
GEO,Georgia,NE.GDI.TOTL.ZS,2024,24.4998956717628
GEO,Georgia,NE.GDI.TOTL.ZS,2023,24.9987945206376
GEO,Georgia,NE.GDI.TOTL.ZS,2022,24.0666627779303
DEU,Germany,NE.GDI.TOTL.ZS,2024,21.4994328905028
DEU,Germany,NE.GDI.TOTL.ZS,2023,21.994283425489
DEU,Germany,NE.GDI.TOTL.ZS,2022,23.2760146288029
GHA,Ghana,NE.GDI.TOTL.ZS,2024,9.90013336152883
GHA,Ghana,NE.GDI.TOTL.ZS,2023,10.1167734489869
GHA,Ghana,NE.GDI.TOTL.ZS,2022,16.4078520116581
GIB,Gibraltar,NE.GDI.TOTL.ZS,2024,
GIB,Gibraltar,NE.GDI.TOTL.ZS,2023,
GIB,Gibraltar,NE.GDI.TOTL.ZS,2022,
GRC,Greece,NE.GDI.TOTL.ZS,2024,18.2925535607175
GRC,Greece,NE.GDI.TOTL.ZS,2023,16.1682825755533
GRC,Greece,NE.GDI.TOTL.ZS,2022,18.8094114631783
GRL,Greenland,NE.GDI.TOTL.ZS,2024,
GRL,Greenland,NE.GDI.TOTL.ZS,2023,35.9956193360065
GRL,Greenland,NE.GDI.TOTL.ZS,2022,37.84070939282
GRD,Grenada,NE.GDI.TOTL.ZS,2024,
GRD,Grenada,NE.GDI.TOTL.ZS,2023,
GRD,Grenada,NE.GDI.TOTL.ZS,2022,
GUM,Guam,NE.GDI.TOTL.ZS,2024,
GUM,Guam,NE.GDI.TOTL.ZS,2023,
GUM,Guam,NE.GDI.TOTL.ZS,2022,
GTM,Guatemala,NE.GDI.TOTL.ZS,2024,16.4251362811647
GTM,Guatemala,NE.GDI.TOTL.ZS,2023,16.5190523218535
GTM,Guatemala,NE.GDI.TOTL.ZS,2022,16.6289389615705
GIN,Guinea,NE.GDI.TOTL.ZS,2024,32.1029483630478
GIN,Guinea,NE.GDI.TOTL.ZS,2023,23.4269896966463
GIN,Guinea,NE.GDI.TOTL.ZS,2022,14.0142215654177
GNB,Guinea-Bissau,NE.GDI.TOTL.ZS,2024,26.3297674421831
GNB,Guinea-Bissau,NE.GDI.TOTL.ZS,2023,26.1883825780139
GNB,Guinea-Bissau,NE.GDI.TOTL.ZS,2022,22.1191237069243
GUY,Guyana,NE.GDI.TOTL.ZS,2024,
GUY,Guyana,NE.GDI.TOTL.ZS,2023,
GUY,Guyana,NE.GDI.TOTL.ZS,2022,
HTI,Haiti,NE.GDI.TOTL.ZS,2024,12.1387816868155
HTI,Haiti,NE.GDI.TOTL.ZS,2023,13.8845627892934
HTI,Haiti,NE.GDI.TOTL.ZS,2022,15.8819734745448
HND,Honduras,NE.GDI.TOTL.ZS,2024,23.1954034193464
HND,Honduras,NE.GDI.TOTL.ZS,2023,22.1864309601857
HND,Honduras,NE.GDI.TOTL.ZS,2022,26.3262317410881
HKG,"Hong Kong SAR, China",NE.GDI.TOTL.ZS,2024,16.0647173800011
HKG,"Hong Kong SAR, China",NE.GDI.TOTL.ZS,2023,16.1515290771197
HKG,"Hong Kong SAR, China",NE.GDI.TOTL.ZS,2022,15.2301843910226
HUN,Hungary,NE.GDI.TOTL.ZS,2024,23.6636684415802
HUN,Hungary,NE.GDI.TOTL.ZS,2023,26.1919852280501
HUN,Hungary,NE.GDI.TOTL.ZS,2022,34.253984477795
ISL,Iceland,NE.GDI.TOTL.ZS,2024,26.244095255716
ISL,Iceland,NE.GDI.TOTL.ZS,2023,25.4249837598989
ISL,Iceland,NE.GDI.TOTL.ZS,2022,24.2427194310717
IND,India,NE.GDI.TOTL.ZS,2024,34.3459060404746
IND,India,NE.GDI.TOTL.ZS,2023,34.504684353812
IND,India,NE.GDI.TOTL.ZS,2022,34.4117962357355
IDN,Indonesia,NE.GDI.TOTL.ZS,2024,31.396316156558
IDN,Indonesia,NE.GDI.TOTL.ZS,2023,30.3426390629498
IDN,Indonesia,NE.GDI.TOTL.ZS,2022,29.7453138212259
IRN,"Iran, Islamic Rep.",NE.GDI.TOTL.ZS,2024,44.3461376412017
IRN,"Iran, Islamic Rep.",NE.GDI.TOTL.ZS,2023,43.772806898094
IRN,"Iran, Islamic Rep.",NE.GDI.TOTL.ZS,2022,40.7255733512162
IRQ,Iraq,NE.GDI.TOTL.ZS,2024,19.1361226916833
IRQ,Iraq,NE.GDI.TOTL.ZS,2023,20.2898355344199
IRQ,Iraq,NE.GDI.TOTL.ZS,2022,24.3148601227151
IRL,Ireland,NE.GDI.TOTL.ZS,2024,18.2483791335529
IRL,Ireland,NE.GDI.TOTL.ZS,2023,26.6582803909323
IRL,Ireland,NE.GDI.TOTL.ZS,2022,22.8840856405086
IMN,Isle of Man,NE.GDI.TOTL.ZS,2024,
IMN,Isle of Man,NE.GDI.TOTL.ZS,2023,
IMN,Isle of Man,NE.GDI.TOTL.ZS,2022,
ISR,Israel,NE.GDI.TOTL.ZS,2024,23.7996513084829
ISR,Israel,NE.GDI.TOTL.ZS,2023,26.4012938714102
ISR,Israel,NE.GDI.TOTL.ZS,2022,27.6477944169544
ITA,Italy,NE.GDI.TOTL.ZS,2024,22.2691077219978
ITA,Italy,NE.GDI.TOTL.ZS,2023,23.0712585224817
ITA,Italy,NE.GDI.TOTL.ZS,2022,24.5977298322393
JAM,Jamaica,NE.GDI.TOTL.ZS,2024,
JAM,Jamaica,NE.GDI.TOTL.ZS,2023,
JAM,Jamaica,NE.GDI.TOTL.ZS,2022,
JPN,Japan,NE.GDI.TOTL.ZS,2024,27.6791711471936
JPN,Japan,NE.GDI.TOTL.ZS,2023,27.7841122147677
JPN,Japan,NE.GDI.TOTL.ZS,2022,28.3107762241995
JOR,Jordan,NE.GDI.TOTL.ZS,2024,
JOR,Jordan,NE.GDI.TOTL.ZS,2023,
JOR,Jordan,NE.GDI.TOTL.ZS,2022,
KAZ,Kazakhstan,NE.GDI.TOTL.ZS,2024,27.2119249591734
KAZ,Kazakhstan,NE.GDI.TOTL.ZS,2023,28.157135537565
KAZ,Kazakhstan,NE.GDI.TOTL.ZS,2022,24.9759095791804
KEN,Kenya,NE.GDI.TOTL.ZS,2024,16.4818345156985
KEN,Kenya,NE.GDI.TOTL.ZS,2023,16.5707504717762
KEN,Kenya,NE.GDI.TOTL.ZS,2022,19.0540638513609
KIR,Kiribati,NE.GDI.TOTL.ZS,2024,29.9143158847463
KIR,Kiribati,NE.GDI.TOTL.ZS,2023,24.7440984281941
KIR,Kiribati,NE.GDI.TOTL.ZS,2022,23.275366383485
PRK,"Korea, Dem. People's Rep.",NE.GDI.TOTL.ZS,2024,
PRK,"Korea, Dem. People's Rep.",NE.GDI.TOTL.ZS,2023,
PRK,"Korea, Dem. People's Rep.",NE.GDI.TOTL.ZS,2022,
KOR,"Korea, Rep.",NE.GDI.TOTL.ZS,2024,29.9738499299961
KOR,"Korea, Rep.",NE.GDI.TOTL.ZS,2023,31.8912200894147
KOR,"Korea, Rep.",NE.GDI.TOTL.ZS,2022,33.3254869272348
XKX,Kosovo,NE.GDI.TOTL.ZS,2024,33.9651432750713
XKX,Kosovo,NE.GDI.TOTL.ZS,2023,33.9456293075627
XKX,Kosovo,NE.GDI.TOTL.ZS,2022,35.2326459658665
KWT,Kuwait,NE.GDI.TOTL.ZS,2024,15.1027079295437
KWT,Kuwait,NE.GDI.TOTL.ZS,2023,17.7610824770708
KWT,Kuwait,NE.GDI.TOTL.ZS,2022,16.549333014952
KGZ,Kyrgyz Republic,NE.GDI.TOTL.ZS,2024,21.5271206231925
KGZ,Kyrgyz Republic,NE.GDI.TOTL.ZS,2023,34.4590059457311
KGZ,Kyrgyz Republic,NE.GDI.TOTL.ZS,2022,35.6406881799816
LAO,Lao PDR,NE.GDI.TOTL.ZS,2024,
LAO,Lao PDR,NE.GDI.TOTL.ZS,2023,
LAO,Lao PDR,NE.GDI.TOTL.ZS,2022,
LVA,Latvia,NE.GDI.TOTL.ZS,2024,21.4641880937761
LVA,Latvia,NE.GDI.TOTL.ZS,2023,24.6916298440452
LVA,Latvia,NE.GDI.TOTL.ZS,2022,24.6702240089291
LBN,Lebanon,NE.GDI.TOTL.ZS,2024,1.44489295710122
LBN,Lebanon,NE.GDI.TOTL.ZS,2023,1.89754409912655
LBN,Lebanon,NE.GDI.TOTL.ZS,2022,1.22517144706489
LSO,Lesotho,NE.GDI.TOTL.ZS,2024,29.6721348878596
LSO,Lesotho,NE.GDI.TOTL.ZS,2023,27.0684655311306
LSO,Lesotho,NE.GDI.TOTL.ZS,2022,27.3770081483323
LBR,Liberia,NE.GDI.TOTL.ZS,2024,
LBR,Liberia,NE.GDI.TOTL.ZS,2023,
LBR,Liberia,NE.GDI.TOTL.ZS,2022,
LBY,Libya,NE.GDI.TOTL.ZS,2024,14.2709460093897
LBY,Libya,NE.GDI.TOTL.ZS,2023,16.8804253893346
LBY,Libya,NE.GDI.TOTL.ZS,2022,10.5201970194858
LIE,Liechtenstein,NE.GDI.TOTL.ZS,2024,
LIE,Liechtenstein,NE.GDI.TOTL.ZS,2023,
LIE,Liechtenstein,NE.GDI.TOTL.ZS,2022,
LTU,Lithuania,NE.GDI.TOTL.ZS,2024,20.6586329885889
LTU,Lithuania,NE.GDI.TOTL.ZS,2023,22.6477329035527
LTU,Lithuania,NE.GDI.TOTL.ZS,2022,27.7670656238994
LUX,Luxembourg,NE.GDI.TOTL.ZS,2024,15.8427821306684
LUX,Luxembourg,NE.GDI.TOTL.ZS,2023,16.4259109763361
LUX,Luxembourg,NE.GDI.TOTL.ZS,2022,17.0331766630247
MAC,"Macao SAR, China",NE.GDI.TOTL.ZS,2024,14.0846664654392
MAC,"Macao SAR, China",NE.GDI.TOTL.ZS,2023,15.2974689049317
MAC,"Macao SAR, China",NE.GDI.TOTL.ZS,2022,23.2050134288272
MDG,Madagascar,NE.GDI.TOTL.ZS,2024,23.5534748884883
MDG,Madagascar,NE.GDI.TOTL.ZS,2023,21.4163392614893
MDG,Madagascar,NE.GDI.TOTL.ZS,2022,20.6166810711294
MWI,Malawi,NE.GDI.TOTL.ZS,2024,13.7207306888371
MWI,Malawi,NE.GDI.TOTL.ZS,2023,14.4830771619003
MWI,Malawi,NE.GDI.TOTL.ZS,2022,15.9327969038503
MYS,Malaysia,NE.GDI.TOTL.ZS,2024,21.9538831069426
MYS,Malaysia,NE.GDI.TOTL.ZS,2023,22.8017590224926
MYS,Malaysia,NE.GDI.TOTL.ZS,2022,23.5862921622175
MDV,Maldives,NE.GDI.TOTL.ZS,2024,30.7946843948579
MDV,Maldives,NE.GDI.TOTL.ZS,2023,33.0509347055178
MDV,Maldives,NE.GDI.TOTL.ZS,2022,32.9897963177697
MLI,Mali,NE.GDI.TOTL.ZS,2024,19.6106510841777
MLI,Mali,NE.GDI.TOTL.ZS,2023,21.6677146022336
MLI,Mali,NE.GDI.TOTL.ZS,2022,22.1819624772823
MLT,Malta,NE.GDI.TOTL.ZS,2024,19.0100576140936
MLT,Malta,NE.GDI.TOTL.ZS,2023,19.8659007493501
MLT,Malta,NE.GDI.TOTL.ZS,2022,26.352253013656
MHL,Marshall Islands,NE.GDI.TOTL.ZS,2024,21.1154736842105
MHL,Marshall Islands,NE.GDI.TOTL.ZS,2023,19.2791666666667
MHL,Marshall Islands,NE.GDI.TOTL.ZS,2022,26.4394227814636
MRT,Mauritania,NE.GDI.TOTL.ZS,2024,43.0818501467663
MRT,Mauritania,NE.GDI.TOTL.ZS,2023,44.5439783104002
MRT,Mauritania,NE.GDI.TOTL.ZS,2022,49.0681215273204
MUS,Mauritius,NE.GDI.TOTL.ZS,2024,21.0802702839135
MUS,Mauritius,NE.GDI.TOTL.ZS,2023,19.9232351140484
MUS,Mauritius,NE.GDI.TOTL.ZS,2022,20.411044705092
MEX,Mexico,NE.GDI.TOTL.ZS,2024,23.9034064485777
MEX,Mexico,NE.GDI.TOTL.ZS,2023,23.3050041337289
MEX,Mexico,NE.GDI.TOTL.ZS,2022,22.7701948917166
FSM,"Micronesia, Fed. Sts.",NE.GDI.TOTL.ZS,2024,
FSM,"Micronesia, Fed. Sts.",NE.GDI.TOTL.ZS,2023,
FSM,"Micronesia, Fed. Sts.",NE.GDI.TOTL.ZS,2022,
MDA,Moldova,NE.GDI.TOTL.ZS,2024,22.3213195154173
MDA,Moldova,NE.GDI.TOTL.ZS,2023,20.084591001224
MDA,Moldova,NE.GDI.TOTL.ZS,2022,27.3104295249444
MCO,Monaco,NE.GDI.TOTL.ZS,2024,
MCO,Monaco,NE.GDI.TOTL.ZS,2023,
MCO,Monaco,NE.GDI.TOTL.ZS,2022,
MNG,Mongolia,NE.GDI.TOTL.ZS,2024,35.5452639328236
MNG,Mongolia,NE.GDI.TOTL.ZS,2023,33.9003731595217
MNG,Mongolia,NE.GDI.TOTL.ZS,2022,42.3321000384678
MNE,Montenegro,NE.GDI.TOTL.ZS,2024,25.880193688808
MNE,Montenegro,NE.GDI.TOTL.ZS,2023,25.4474865908397
MNE,Montenegro,NE.GDI.TOTL.ZS,2022,27.5825933417284
MAR,Morocco,NE.GDI.TOTL.ZS,2024,30.0743550064848
MAR,Morocco,NE.GDI.TOTL.ZS,2023,28.9983598724931
MAR,Morocco,NE.GDI.TOTL.ZS,2022,30.4603014984939
MOZ,Mozambique,NE.GDI.TOTL.ZS,2024,17.6548787639945
MOZ,Mozambique,NE.GDI.TOTL.ZS,2023,19.5292827735495
MOZ,Mozambique,NE.GDI.TOTL.ZS,2022,43.2027361159671
MMR,Myanmar,NE.GDI.TOTL.ZS,2024,
MMR,Myanmar,NE.GDI.TOTL.ZS,2023,
MMR,Myanmar,NE.GDI.TOTL.ZS,2022,
NAM,Namibia,NE.GDI.TOTL.ZS,2024,26.0132027492657
NAM,Namibia,NE.GDI.TOTL.ZS,2023,28.1048075110968
NAM,Namibia,NE.GDI.TOTL.ZS,2022,19.9742056445263
NRU,Naoero,NE.GDI.TOTL.ZS,2024,
NRU,Naoero,NE.GDI.TOTL.ZS,2023,
NRU,Naoero,NE.GDI.TOTL.ZS,2022,
NPL,Nepal,NE.GDI.TOTL.ZS,2024,28.6012768197284
NPL,Nepal,NE.GDI.TOTL.ZS,2023,31.1493001530125
NPL,Nepal,NE.GDI.TOTL.ZS,2022,37.6438482531547
NLD,Netherlands,NE.GDI.TOTL.ZS,2024,19.673967025785
NLD,Netherlands,NE.GDI.TOTL.ZS,2023,20.0805040885297
NLD,Netherlands,NE.GDI.TOTL.ZS,2022,22.8632951641142
NCL,New Caledonia,NE.GDI.TOTL.ZS,2024,22.1189475397667
NCL,New Caledonia,NE.GDI.TOTL.ZS,2023,25.5600389239332
NCL,New Caledonia,NE.GDI.TOTL.ZS,2022,26.1746329029304
NZL,New Zealand,NE.GDI.TOTL.ZS,2024,23.0928035475405
NZL,New Zealand,NE.GDI.TOTL.ZS,2023,24.0870929494473
NZL,New Zealand,NE.GDI.TOTL.ZS,2022,26.4295090374982
NIC,Nicaragua,NE.GDI.TOTL.ZS,2024,24.7470686435037
NIC,Nicaragua,NE.GDI.TOTL.ZS,2023,22.1543607329369
NIC,Nicaragua,NE.GDI.TOTL.ZS,2022,21.7441862253622
NER,Niger,NE.GDI.TOTL.ZS,2024,23.4971595485203
NER,Niger,NE.GDI.TOTL.ZS,2023,30.108863592484
NER,Niger,NE.GDI.TOTL.ZS,2022,33.7672235722905
NGA,Nigeria,NE.GDI.TOTL.ZS,2024,
NGA,Nigeria,NE.GDI.TOTL.ZS,2023,
NGA,Nigeria,NE.GDI.TOTL.ZS,2022,
MKD,North Macedonia,NE.GDI.TOTL.ZS,2024,30.5962109009491
MKD,North Macedonia,NE.GDI.TOTL.ZS,2023,29.6278058870411
MKD,North Macedonia,NE.GDI.TOTL.ZS,2022,36.0166355424196
MNP,Northern Mariana Islands,NE.GDI.TOTL.ZS,2024,
MNP,Northern Mariana Islands,NE.GDI.TOTL.ZS,2023,
MNP,Northern Mariana Islands,NE.GDI.TOTL.ZS,2022,
NOR,Norway,NE.GDI.TOTL.ZS,2024,23.6657865827048
NOR,Norway,NE.GDI.TOTL.ZS,2023,23.6088047969408
NOR,Norway,NE.GDI.TOTL.ZS,2022,20.9971803030648
OMN,Oman,NE.GDI.TOTL.ZS,2024,24.8481263268644
OMN,Oman,NE.GDI.TOTL.ZS,2023,26.661898119622
OMN,Oman,NE.GDI.TOTL.ZS,2022,27.3208738967385
PAK,Pakistan,NE.GDI.TOTL.ZS,2024,13.1992532780615
PAK,Pakistan,NE.GDI.TOTL.ZS,2023,13.9681470393061
PAK,Pakistan,NE.GDI.TOTL.ZS,2022,15.5605425943116
PLW,Palau,NE.GDI.TOTL.ZS,2024,34.9671396264766
PLW,Palau,NE.GDI.TOTL.ZS,2023,35.7028148801293
PLW,Palau,NE.GDI.TOTL.ZS,2022,44.2218552162716
PAN,Panama,NE.GDI.TOTL.ZS,2024,33.5339875819436
PAN,Panama,NE.GDI.TOTL.ZS,2023,37.492889933464
PAN,Panama,NE.GDI.TOTL.ZS,2022,35.8548981051469
PNG,Papua New Guinea,NE.GDI.TOTL.ZS,2024,
PNG,Papua New Guinea,NE.GDI.TOTL.ZS,2023,
PNG,Papua New Guinea,NE.GDI.TOTL.ZS,2022,
PRY,Paraguay,NE.GDI.TOTL.ZS,2024,23.1088857330178
PRY,Paraguay,NE.GDI.TOTL.ZS,2023,20.2689235256814
PRY,Paraguay,NE.GDI.TOTL.ZS,2022,27.7603530415666
PER,Peru,NE.GDI.TOTL.ZS,2024,19.72883590637
PER,Peru,NE.GDI.TOTL.ZS,2023,19.572988492574
PER,Peru,NE.GDI.TOTL.ZS,2022,22.3569175495124
PHL,Philippines,NE.GDI.TOTL.ZS,2024,23.6782004674363
PHL,Philippines,NE.GDI.TOTL.ZS,2023,23.4061516161597
PHL,Philippines,NE.GDI.TOTL.ZS,2022,24.6858616763102
POL,Poland,NE.GDI.TOTL.ZS,2024,17.8032326864165
POL,Poland,NE.GDI.TOTL.ZS,2023,17.6684506133329
POL,Poland,NE.GDI.TOTL.ZS,2022,22.059467565345
PRT,Portugal,NE.GDI.TOTL.ZS,2024,20.3401770013662
PRT,Portugal,NE.GDI.TOTL.ZS,2023,20.4972768619235
PRT,Portugal,NE.GDI.TOTL.ZS,2022,21.3735177177842
PRI,Puerto Rico (US),NE.GDI.TOTL.ZS,2024,14.1765984690411
PRI,Puerto Rico (US),NE.GDI.TOTL.ZS,2023,14.2399370270239
PRI,Puerto Rico (US),NE.GDI.TOTL.ZS,2022,14.8152247335601
QAT,Qatar,NE.GDI.TOTL.ZS,2024,
QAT,Qatar,NE.GDI.TOTL.ZS,2023,
QAT,Qatar,NE.GDI.TOTL.ZS,2022,30.6432344815998
ROU,Romania,NE.GDI.TOTL.ZS,2024,24.9970256084173
ROU,Romania,NE.GDI.TOTL.ZS,2023,26.2097285719548
ROU,Romania,NE.GDI.TOTL.ZS,2022,27.0611653434665
RUS,Russian Federation,NE.GDI.TOTL.ZS,2024,26.4795760497971
RUS,Russian Federation,NE.GDI.TOTL.ZS,2023,27.303131349175
RUS,Russian Federation,NE.GDI.TOTL.ZS,2022,23.1732337652661
RWA,Rwanda,NE.GDI.TOTL.ZS,2024,34.7208554747776
RWA,Rwanda,NE.GDI.TOTL.ZS,2023,38.362567406166
RWA,Rwanda,NE.GDI.TOTL.ZS,2022,37.7552457661422
WSM,Samoa,NE.GDI.TOTL.ZS,2024,29.0207314789872
WSM,Samoa,NE.GDI.TOTL.ZS,2023,36.0680837032175
WSM,Samoa,NE.GDI.TOTL.ZS,2022,32.187971798949
SMR,San Marino,NE.GDI.TOTL.ZS,2024,
SMR,San Marino,NE.GDI.TOTL.ZS,2023,16.5828788451836
SMR,San Marino,NE.GDI.TOTL.ZS,2022,23.0259588963445
STP,Sao Tome and Principe,NE.GDI.TOTL.ZS,2024,6.92136880359529
STP,Sao Tome and Principe,NE.GDI.TOTL.ZS,2023,6.20476462377871
STP,Sao Tome and Principe,NE.GDI.TOTL.ZS,2022,8.2925116011365
SAU,Saudi Arabia,NE.GDI.TOTL.ZS,2024,31.6758054598016
SAU,Saudi Arabia,NE.GDI.TOTL.ZS,2023,29.7627433615344
SAU,Saudi Arabia,NE.GDI.TOTL.ZS,2022,26.5159908508109
SEN,Senegal,NE.GDI.TOTL.ZS,2024,34.7270526468632
SEN,Senegal,NE.GDI.TOTL.ZS,2023,42.314987698199
SEN,Senegal,NE.GDI.TOTL.ZS,2022,44.9151866064373
SRB,Serbia,NE.GDI.TOTL.ZS,2024,25.0264449793479
SRB,Serbia,NE.GDI.TOTL.ZS,2023,24.6160934874749
SRB,Serbia,NE.GDI.TOTL.ZS,2022,26.3842034681714
SYC,Seychelles,NE.GDI.TOTL.ZS,2024,21.3041209351163
SYC,Seychelles,NE.GDI.TOTL.ZS,2023,24.3522026214645
SYC,Seychelles,NE.GDI.TOTL.ZS,2022,18.4987415919283
SLE,Sierra Leone,NE.GDI.TOTL.ZS,2024,20.4557869148372
SLE,Sierra Leone,NE.GDI.TOTL.ZS,2023,19.7051016443165
SLE,Sierra Leone,NE.GDI.TOTL.ZS,2022,14.8768677642474
SGP,Singapore,NE.GDI.TOTL.ZS,2024,21.8490850721263
SGP,Singapore,NE.GDI.TOTL.ZS,2023,21.1305685622627
SGP,Singapore,NE.GDI.TOTL.ZS,2022,21.8791987960219
SXM,Sint Maarten (Dutch part),NE.GDI.TOTL.ZS,2024,
SXM,Sint Maarten (Dutch part),NE.GDI.TOTL.ZS,2023,
SXM,Sint Maarten (Dutch part),NE.GDI.TOTL.ZS,2022,
SVK,Slovak Republic,NE.GDI.TOTL.ZS,2024,20.1257200812979
SVK,Slovak Republic,NE.GDI.TOTL.ZS,2023,19.7276184665634
SVK,Slovak Republic,NE.GDI.TOTL.ZS,2022,23.3083572565552
SVN,Slovenia,NE.GDI.TOTL.ZS,2024,21.5339676972715
SVN,Slovenia,NE.GDI.TOTL.ZS,2023,22.510001872287
SVN,Slovenia,NE.GDI.TOTL.ZS,2022,24.5714885958339
SLB,Solomon Islands,NE.GDI.TOTL.ZS,2024,19.4589054322805
SLB,Solomon Islands,NE.GDI.TOTL.ZS,2023,21.2240411030554
SLB,Solomon Islands,NE.GDI.TOTL.ZS,2022,20.8786484926908
SOM,"Somalia, Fed. Rep.",NE.GDI.TOTL.ZS,2024,26.7485585359739
SOM,"Somalia, Fed. Rep.",NE.GDI.TOTL.ZS,2023,23.6083226866216
SOM,"Somalia, Fed. Rep.",NE.GDI.TOTL.ZS,2022,23.6499068901304
ZAF,South Africa,NE.GDI.TOTL.ZS,2024,14.0695508769888
ZAF,South Africa,NE.GDI.TOTL.ZS,2023,15.3913174995668
ZAF,South Africa,NE.GDI.TOTL.ZS,2022,15.6721092997041
SSD,South Sudan,NE.GDI.TOTL.ZS,2024,
SSD,South Sudan,NE.GDI.TOTL.ZS,2023,
SSD,South Sudan,NE.GDI.TOTL.ZS,2022,
ESP,Spain,NE.GDI.TOTL.ZS,2024,21.1732200987249
ESP,Spain,NE.GDI.TOTL.ZS,2023,21.1209265029601
ESP,Spain,NE.GDI.TOTL.ZS,2022,22.6896137188078
LKA,Sri Lanka,NE.GDI.TOTL.ZS,2024,26.3467005241507
LKA,Sri Lanka,NE.GDI.TOTL.ZS,2023,24.2731934318829
LKA,Sri Lanka,NE.GDI.TOTL.ZS,2022,27.2717494237454
KNA,St. Kitts and Nevis,NE.GDI.TOTL.ZS,2024,
KNA,St. Kitts and Nevis,NE.GDI.TOTL.ZS,2023,
KNA,St. Kitts and Nevis,NE.GDI.TOTL.ZS,2022,
LCA,St. Lucia,NE.GDI.TOTL.ZS,2024,
LCA,St. Lucia,NE.GDI.TOTL.ZS,2023,
LCA,St. Lucia,NE.GDI.TOTL.ZS,2022,
MAF,St. Martin (French part),NE.GDI.TOTL.ZS,2024,
MAF,St. Martin (French part),NE.GDI.TOTL.ZS,2023,
MAF,St. Martin (French part),NE.GDI.TOTL.ZS,2022,
VCT,St. Vincent and the Grenadines,NE.GDI.TOTL.ZS,2024,
VCT,St. Vincent and the Grenadines,NE.GDI.TOTL.ZS,2023,
VCT,St. Vincent and the Grenadines,NE.GDI.TOTL.ZS,2022,
SDN,Sudan,NE.GDI.TOTL.ZS,2024,2.88674000548273
SDN,Sudan,NE.GDI.TOTL.ZS,2023,2.17279846218936
SDN,Sudan,NE.GDI.TOTL.ZS,2022,2.17826429341476
SUR,Suriname,NE.GDI.TOTL.ZS,2024,
SUR,Suriname,NE.GDI.TOTL.ZS,2023,
SUR,Suriname,NE.GDI.TOTL.ZS,2022,
SWE,Sweden,NE.GDI.TOTL.ZS,2024,25.1194850237718
SWE,Sweden,NE.GDI.TOTL.ZS,2023,25.2626527566229
SWE,Sweden,NE.GDI.TOTL.ZS,2022,26.9218066455024
CHE,Switzerland,NE.GDI.TOTL.ZS,2024,26.7253398015124
CHE,Switzerland,NE.GDI.TOTL.ZS,2023,28.5542320055981
CHE,Switzerland,NE.GDI.TOTL.ZS,2022,26.6594304095158
SYR,Syrian Arab Republic,NE.GDI.TOTL.ZS,2024,
SYR,Syrian Arab Republic,NE.GDI.TOTL.ZS,2023,
SYR,Syrian Arab Republic,NE.GDI.TOTL.ZS,2022,
TJK,Tajikistan,NE.GDI.TOTL.ZS,2024,32.4253661642827
TJK,Tajikistan,NE.GDI.TOTL.ZS,2023,31.6513056719952
TJK,Tajikistan,NE.GDI.TOTL.ZS,2022,35.4675046982739
TZA,Tanzania,NE.GDI.TOTL.ZS,2024,39.5681895058567
TZA,Tanzania,NE.GDI.TOTL.ZS,2023,41.0023887360591
TZA,Tanzania,NE.GDI.TOTL.ZS,2022,41.0677624080732
THA,Thailand,NE.GDI.TOTL.ZS,2024,21.4528153883175
THA,Thailand,NE.GDI.TOTL.ZS,2023,22.3940359236883
THA,Thailand,NE.GDI.TOTL.ZS,2022,27.8232930802592
TLS,Timor-Leste,NE.GDI.TOTL.ZS,2024,30.1076509546051
TLS,Timor-Leste,NE.GDI.TOTL.ZS,2023,20.4884517844113
TLS,Timor-Leste,NE.GDI.TOTL.ZS,2022,10.6054855889013
TGO,Togo,NE.GDI.TOTL.ZS,2024,
TGO,Togo,NE.GDI.TOTL.ZS,2023,22.3879847944848
TGO,Togo,NE.GDI.TOTL.ZS,2022,24.4982811109098
TON,Tonga,NE.GDI.TOTL.ZS,2024,26.390288542124
TON,Tonga,NE.GDI.TOTL.ZS,2023,25.9304511318589
TON,Tonga,NE.GDI.TOTL.ZS,2022,27.3260181331013
TTO,Trinidad and Tobago,NE.GDI.TOTL.ZS,2024,
TTO,Trinidad and Tobago,NE.GDI.TOTL.ZS,2023,18.985717034243
TTO,Trinidad and Tobago,NE.GDI.TOTL.ZS,2022,17.1792577403861
TUN,Tunisia,NE.GDI.TOTL.ZS,2024,7.85819532475466
TUN,Tunisia,NE.GDI.TOTL.ZS,2023,8.20796640437897
TUN,Tunisia,NE.GDI.TOTL.ZS,2022,16.6738021219912
TUR,Turkiye,NE.GDI.TOTL.ZS,2024,30.7311559549208
TUR,Turkiye,NE.GDI.TOTL.ZS,2023,34.5882765114043
TUR,Turkiye,NE.GDI.TOTL.ZS,2022,38.602139717568
TKM,Turkmenistan,NE.GDI.TOTL.ZS,2024,
TKM,Turkmenistan,NE.GDI.TOTL.ZS,2023,
TKM,Turkmenistan,NE.GDI.TOTL.ZS,2022,
TCA,Turks and Caicos Islands,NE.GDI.TOTL.ZS,2024,
TCA,Turks and Caicos Islands,NE.GDI.TOTL.ZS,2023,
TCA,Turks and Caicos Islands,NE.GDI.TOTL.ZS,2022,
TUV,Tuvalu,NE.GDI.TOTL.ZS,2024,
TUV,Tuvalu,NE.GDI.TOTL.ZS,2023,
TUV,Tuvalu,NE.GDI.TOTL.ZS,2022,
UGA,Uganda,NE.GDI.TOTL.ZS,2024,22.3995184838424
UGA,Uganda,NE.GDI.TOTL.ZS,2023,22.8160132458418
UGA,Uganda,NE.GDI.TOTL.ZS,2022,24.201342621546
UKR,Ukraine,NE.GDI.TOTL.ZS,2024,19.2236716130871
UKR,Ukraine,NE.GDI.TOTL.ZS,2023,18.0705046393604
UKR,Ukraine,NE.GDI.TOTL.ZS,2022,12.1132886209386
ARE,United Arab Emirates,NE.GDI.TOTL.ZS,2024,
ARE,United Arab Emirates,NE.GDI.TOTL.ZS,2023,26.6386668902392
ARE,United Arab Emirates,NE.GDI.TOTL.ZS,2022,26.0584868811112
GBR,United Kingdom,NE.GDI.TOTL.ZS,2024,19.1682079957281
GBR,United Kingdom,NE.GDI.TOTL.ZS,2023,18.4594014019513
GBR,United Kingdom,NE.GDI.TOTL.ZS,2022,18.3468561370256
USA,United States,NE.GDI.TOTL.ZS,2024,21.5325967668865
USA,United States,NE.GDI.TOTL.ZS,2023,21.5701430454153
USA,United States,NE.GDI.TOTL.ZS,2022,22.0268164402666
URY,Uruguay,NE.GDI.TOTL.ZS,2024,15.9230113680645
URY,Uruguay,NE.GDI.TOTL.ZS,2023,17.6566283807228
URY,Uruguay,NE.GDI.TOTL.ZS,2022,18.6148403942578
UZB,Uzbekistan,NE.GDI.TOTL.ZS,2024,39.0472249923559
UZB,Uzbekistan,NE.GDI.TOTL.ZS,2023,33.0290737657093
UZB,Uzbekistan,NE.GDI.TOTL.ZS,2022,33.3171368327978
VUT,Vanuatu,NE.GDI.TOTL.ZS,2024,26.085691564676
VUT,Vanuatu,NE.GDI.TOTL.ZS,2023,22.2749819816
VUT,Vanuatu,NE.GDI.TOTL.ZS,2022,20.8892768980673
VEN,"Venezuela, RB",NE.GDI.TOTL.ZS,2024,4.86458355999449
VEN,"Venezuela, RB",NE.GDI.TOTL.ZS,2023,5.3259688045833
VEN,"Venezuela, RB",NE.GDI.TOTL.ZS,2022,6.16853810249129
VNM,Viet Nam,NE.GDI.TOTL.ZS,2024,30.5847264337631
VNM,Viet Nam,NE.GDI.TOTL.ZS,2023,31.6683495522758
VNM,Viet Nam,NE.GDI.TOTL.ZS,2022,32.3404994444961
VIR,Virgin Islands (U.S.),NE.GDI.TOTL.ZS,2024,
VIR,Virgin Islands (U.S.),NE.GDI.TOTL.ZS,2023,
VIR,Virgin Islands (U.S.),NE.GDI.TOTL.ZS,2022,
PSE,West Bank and Gaza,NE.GDI.TOTL.ZS,2024,23.6400302180821
PSE,West Bank and Gaza,NE.GDI.TOTL.ZS,2023,25.0806274181518
PSE,West Bank and Gaza,NE.GDI.TOTL.ZS,2022,26.5231796718061
YEM,"Yemen, Rep.",NE.GDI.TOTL.ZS,2024,
YEM,"Yemen, Rep.",NE.GDI.TOTL.ZS,2023,
YEM,"Yemen, Rep.",NE.GDI.TOTL.ZS,2022,
ZMB,Zambia,NE.GDI.TOTL.ZS,2024,23.7884862636697
ZMB,Zambia,NE.GDI.TOTL.ZS,2023,31.4450686240954
ZMB,Zambia,NE.GDI.TOTL.ZS,2022,26.980508150543
ZWE,Zimbabwe,NE.GDI.TOTL.ZS,2024,8.84991575620184
ZWE,Zimbabwe,NE.GDI.TOTL.ZS,2023,10.0230432587302
ZWE,Zimbabwe,NE.GDI.TOTL.ZS,2022,7.63751490457867
AFE,Africa Eastern and Southern,FP.CPI.TOTL.ZG,2024,4.77085731915833
AFE,Africa Eastern and Southern,FP.CPI.TOTL.ZG,2023,7.39918558080627
AFE,Africa Eastern and Southern,FP.CPI.TOTL.ZG,2022,10.8834775726018
AFW,Africa Western and Central,FP.CPI.TOTL.ZG,2024,3.60804426950566
AFW,Africa Western and Central,FP.CPI.TOTL.ZG,2023,5.22116801324002
AFW,Africa Western and Central,FP.CPI.TOTL.ZG,2022,7.94925143524016
ARB,Arab World,FP.CPI.TOTL.ZG,2024,2.30890057183497
ARB,Arab World,FP.CPI.TOTL.ZG,2023,4.00025877060152
ARB,Arab World,FP.CPI.TOTL.ZG,2022,5.17222088647606
CSS,Caribbean small states,FP.CPI.TOTL.ZG,2024,2.73620751873313
CSS,Caribbean small states,FP.CPI.TOTL.ZG,2023,4.10449281822017
CSS,Caribbean small states,FP.CPI.TOTL.ZG,2022,5.82838638517959
CEB,Central Europe and the Baltics,FP.CPI.TOTL.ZG,2024,2.75760909424279
CEB,Central Europe and the Baltics,FP.CPI.TOTL.ZG,2023,9.44284140088564
CEB,Central Europe and the Baltics,FP.CPI.TOTL.ZG,2022,14.6081439492433
EAR,Early-demographic dividend,FP.CPI.TOTL.ZG,2024,3.28955985952768
EAR,Early-demographic dividend,FP.CPI.TOTL.ZG,2023,5.88585897042164
EAR,Early-demographic dividend,FP.CPI.TOTL.ZG,2022,7.19861615609867
EAS,East Asia & Pacific,FP.CPI.TOTL.ZG,2024,2.27673550782623
EAS,East Asia & Pacific,FP.CPI.TOTL.ZG,2023,4.25155508842779
EAS,East Asia & Pacific,FP.CPI.TOTL.ZG,2022,5.51812928576938
EAP,East Asia & Pacific (excluding high income),FP.CPI.TOTL.ZG,2024,2.18151273615189
EAP,East Asia & Pacific (excluding high income),FP.CPI.TOTL.ZG,2023,5.88585897042164
EAP,East Asia & Pacific (excluding high income),FP.CPI.TOTL.ZG,2022,5.66964369895446
TEA,East Asia & Pacific (IDA & IBRD countries),FP.CPI.TOTL.ZG,2024,2.20662023268446
TEA,East Asia & Pacific (IDA & IBRD countries),FP.CPI.TOTL.ZG,2023,5.93194206291787
TEA,East Asia & Pacific (IDA & IBRD countries),FP.CPI.TOTL.ZG,2022,5.82115811213955
EMU,Euro area,FP.CPI.TOTL.ZG,2024,2.2564981433876
EMU,Euro area,FP.CPI.TOTL.ZG,2023,5.94643667725823
EMU,Euro area,FP.CPI.TOTL.ZG,2022,8.54686993188458
ECS,Europe & Central Asia,FP.CPI.TOTL.ZG,2024,2.75760909424279
ECS,Europe & Central Asia,FP.CPI.TOTL.ZG,2023,7.12042212089904
ECS,Europe & Central Asia,FP.CPI.TOTL.ZG,2022,11.1136121878761
ECA,Europe & Central Asia (excluding high income),FP.CPI.TOTL.ZG,2024,4.6705297488997
ECA,Europe & Central Asia (excluding high income),FP.CPI.TOTL.ZG,2023,9.07365149809048
ECA,Europe & Central Asia (excluding high income),FP.CPI.TOTL.ZG,2022,13.8875841659221
TEC,Europe & Central Asia (IDA & IBRD countries),FP.CPI.TOTL.ZG,2024,4.23056936260083
TEC,Europe & Central Asia (IDA & IBRD countries),FP.CPI.TOTL.ZG,2023,9.36187249769015
TEC,Europe & Central Asia (IDA & IBRD countries),FP.CPI.TOTL.ZG,2022,13.8522590144267
EUU,European Union,FP.CPI.TOTL.ZG,2024,2.43531202435314
EUU,European Union,FP.CPI.TOTL.ZG,2023,6.29942487419125
EUU,European Union,FP.CPI.TOTL.ZG,2022,8.83369886749452
HPC,Heavily indebted poor countries (HIPC),FP.CPI.TOTL.ZG,2024,4.60621098127101
HPC,Heavily indebted poor countries (HIPC),FP.CPI.TOTL.ZG,2023,7.12697482131851
HPC,Heavily indebted poor countries (HIPC),FP.CPI.TOTL.ZG,2022,9.65914753785069
,High income,FP.CPI.TOTL.ZG,2024,2.38158383281173
,High income,FP.CPI.TOTL.ZG,2023,4.73151302622883
,High income,FP.CPI.TOTL.ZG,2022,7.53107834634288
IBD,IBRD only,FP.CPI.TOTL.ZG,2024,3.54713144937457
IBD,IBRD only,FP.CPI.TOTL.ZG,2023,5.87451911590197
IBD,IBRD only,FP.CPI.TOTL.ZG,2022,9.10437983075437
IBT,IDA & IBRD total,FP.CPI.TOTL.ZG,2024,3.62770736940927
IBT,IDA & IBRD total,FP.CPI.TOTL.ZG,2023,6.09114152504141
IBT,IDA & IBRD total,FP.CPI.TOTL.ZG,2022,9.08963911525032
IDB,IDA blend,FP.CPI.TOTL.ZG,2024,3.45053028131019
IDB,IDA blend,FP.CPI.TOTL.ZG,2023,4.56457719814894
IDB,IDA blend,FP.CPI.TOTL.ZG,2022,6.64110132423665
IDX,IDA only,FP.CPI.TOTL.ZG,2024,4.25632834866278
IDX,IDA only,FP.CPI.TOTL.ZG,2023,7.12142371831339
IDX,IDA only,FP.CPI.TOTL.ZG,2022,9.57337118555953
IDA,IDA total,FP.CPI.TOTL.ZG,2024,3.89084237884105
IDA,IDA total,FP.CPI.TOTL.ZG,2023,7.10220928557059
IDA,IDA total,FP.CPI.TOTL.ZG,2022,8.6807215073403
LTE,Late-demographic dividend,FP.CPI.TOTL.ZG,2024,2.90379501424778
LTE,Late-demographic dividend,FP.CPI.TOTL.ZG,2023,5.86910359896119
LTE,Late-demographic dividend,FP.CPI.TOTL.ZG,2022,9.10437983075437
LCN,Latin America & Caribbean,FP.CPI.TOTL.ZG,2024,3.46497037946077
LCN,Latin America & Caribbean,FP.CPI.TOTL.ZG,2023,4.63202285403356
LCN,Latin America & Caribbean,FP.CPI.TOTL.ZG,2022,8.08552554700602
LAC,Latin America & Caribbean (excluding high income),FP.CPI.TOTL.ZG,2024,3.83540271728533
LAC,Latin America & Caribbean (excluding high income),FP.CPI.TOTL.ZG,2023,5.08677483158112
LAC,Latin America & Caribbean (excluding high income),FP.CPI.TOTL.ZG,2022,8.81109209279587
TLA,Latin America & the Caribbean (IDA & IBRD countries),FP.CPI.TOTL.ZG,2024,3.62770736940927
TLA,Latin America & the Caribbean (IDA & IBRD countries),FP.CPI.TOTL.ZG,2023,4.70881783212245
TLA,Latin America & the Caribbean (IDA & IBRD countries),FP.CPI.TOTL.ZG,2022,8.27477490232654
LDC,Least developed countries: UN classification,FP.CPI.TOTL.ZG,2024,4.6850965426577
LDC,Least developed countries: UN classification,FP.CPI.TOTL.ZG,2023,7.12697482131851
LDC,Least developed countries: UN classification,FP.CPI.TOTL.ZG,2022,9.45801281304023
LMY,Low & middle income,FP.CPI.TOTL.ZG,2024,3.83540271728533
LMY,Low & middle income,FP.CPI.TOTL.ZG,2023,6.15623852560203
LMY,Low & middle income,FP.CPI.TOTL.ZG,2022,8.81109209279587
,Low income,FP.CPI.TOTL.ZG,2024,7.91416611716344
,Low income,FP.CPI.TOTL.ZG,2023,8.5006507858837
,Low income,FP.CPI.TOTL.ZG,2022,10.2794018093421
,Lower middle income,FP.CPI.TOTL.ZG,2024,4.65491747661456
,Lower middle income,FP.CPI.TOTL.ZG,2023,7.52710509155193
,Lower middle income,FP.CPI.TOTL.ZG,2022,7.96757361617945
MEA,"Middle East, North Africa, Afghanistan & Pakistan",FP.CPI.TOTL.ZG,2024,2.12615766885021
MEA,"Middle East, North Africa, Afghanistan & Pakistan",FP.CPI.TOTL.ZG,2023,4.22522603168918
MEA,"Middle East, North Africa, Afghanistan & Pakistan",FP.CPI.TOTL.ZG,2022,5.17222088647606
MNA,"Middle East, North Africa, Afghanistan & Pakistan (excluding high income)",FP.CPI.TOTL.ZG,2024,4.04611455313434
MNA,"Middle East, North Africa, Afghanistan & Pakistan (excluding high income)",FP.CPI.TOTL.ZG,2023,6.09114152504141
MNA,"Middle East, North Africa, Afghanistan & Pakistan (excluding high income)",FP.CPI.TOTL.ZG,2022,8.30646124447623
TMN,"Middle East, North Africa, Afghanistan & Pakistan (IDA & IBRD)",FP.CPI.TOTL.ZG,2024,3.32890533415537
TMN,"Middle East, North Africa, Afghanistan & Pakistan (IDA & IBRD)",FP.CPI.TOTL.ZG,2023,7.70665764216232
TMN,"Middle East, North Africa, Afghanistan & Pakistan (IDA & IBRD)",FP.CPI.TOTL.ZG,2022,8.78598837999588
MIC,Middle income,FP.CPI.TOTL.ZG,2024,3.6045220384796
MIC,Middle income,FP.CPI.TOTL.ZG,2023,6.083192685419
MIC,Middle income,FP.CPI.TOTL.ZG,2022,8.32008377271927
NAC,North America,FP.CPI.TOTL.ZG,2024,2.6655545188319
NAC,North America,FP.CPI.TOTL.ZG,2023,3.99766999081457
NAC,North America,FP.CPI.TOTL.ZG,2022,7.40280048696867
,Not classified,FP.CPI.TOTL.ZG,2024,
,Not classified,FP.CPI.TOTL.ZG,2023,
,Not classified,FP.CPI.TOTL.ZG,2022,
OED,OECD members,FP.CPI.TOTL.ZG,2024,2.75237849043039
OED,OECD members,FP.CPI.TOTL.ZG,2023,5.67767862615429
OED,OECD members,FP.CPI.TOTL.ZG,2022,8.23803240697186
OSS,Other small states,FP.CPI.TOTL.ZG,2024,2.08742660145219
OSS,Other small states,FP.CPI.TOTL.ZG,2023,5.51293808804143
OSS,Other small states,FP.CPI.TOTL.ZG,2022,7.46811935414937
PSS,Pacific island small states,FP.CPI.TOTL.ZG,2024,2.45545072159028
PSS,Pacific island small states,FP.CPI.TOTL.ZG,2023,7.92164684826777
PSS,Pacific island small states,FP.CPI.TOTL.ZG,2022,6.37906506708423
PST,Post-demographic dividend,FP.CPI.TOTL.ZG,2024,2.44091572720697
PST,Post-demographic dividend,FP.CPI.TOTL.ZG,2023,5.06713865364213
PST,Post-demographic dividend,FP.CPI.TOTL.ZG,2022,7.87737003690613
PRE,Pre-demographic dividend,FP.CPI.TOTL.ZG,2024,4.19081721344523
PRE,Pre-demographic dividend,FP.CPI.TOTL.ZG,2023,7.10220928557059
PRE,Pre-demographic dividend,FP.CPI.TOTL.ZG,2022,8.77567482988523
SST,Small states,FP.CPI.TOTL.ZG,2024,2.34358922540366
SST,Small states,FP.CPI.TOTL.ZG,2023,5.06713865364213
SST,Small states,FP.CPI.TOTL.ZG,2022,6.27689319447544
SAS,South Asia,FP.CPI.TOTL.ZG,2024,3.72320611944934
SAS,South Asia,FP.CPI.TOTL.ZG,2023,6.38250790219375
SAS,South Asia,FP.CPI.TOTL.ZG,2022,7.18461996730069
TSA,South Asia (IDA & IBRD),FP.CPI.TOTL.ZG,2024,3.72320611944934
TSA,South Asia (IDA & IBRD),FP.CPI.TOTL.ZG,2023,6.38250790219375
TSA,South Asia (IDA & IBRD),FP.CPI.TOTL.ZG,2022,7.18461996730069
SSF,Sub-Saharan Africa,FP.CPI.TOTL.ZG,2024,4.30009584697999
SSF,Sub-Saharan Africa,FP.CPI.TOTL.ZG,2023,6.69759990789845
SSF,Sub-Saharan Africa,FP.CPI.TOTL.ZG,2022,9.45801281304023
SSA,Sub-Saharan Africa (excluding high income),FP.CPI.TOTL.ZG,2024,4.36115246518962
SSA,Sub-Saharan Africa (excluding high income),FP.CPI.TOTL.ZG,2023,7.05298238454736
SSA,Sub-Saharan Africa (excluding high income),FP.CPI.TOTL.ZG,2022,9.52526628622843
TSS,Sub-Saharan Africa (IDA & IBRD countries),FP.CPI.TOTL.ZG,2024,4.30009584697999
TSS,Sub-Saharan Africa (IDA & IBRD countries),FP.CPI.TOTL.ZG,2023,6.69759990789845
TSS,Sub-Saharan Africa (IDA & IBRD countries),FP.CPI.TOTL.ZG,2022,9.45801281304023
,Upper middle income,FP.CPI.TOTL.ZG,2024,3.18188924237472
,Upper middle income,FP.CPI.TOTL.ZG,2023,5.0341072621757
,Upper middle income,FP.CPI.TOTL.ZG,2022,8.81109209279587
WLD,World,FP.CPI.TOTL.ZG,2024,3.01447576977999
WLD,World,FP.CPI.TOTL.ZG,2023,5.79944107391962
WLD,World,FP.CPI.TOTL.ZG,2022,8.08169507021982
AFG,Afghanistan,FP.CPI.TOTL.ZG,2024,-6.60118564073726
AFG,Afghanistan,FP.CPI.TOTL.ZG,2023,-4.64470870797775
AFG,Afghanistan,FP.CPI.TOTL.ZG,2022,13.7121023720065
ALB,Albania,FP.CPI.TOTL.ZG,2024,2.21587375089992
ALB,Albania,FP.CPI.TOTL.ZG,2023,4.75834555150038
ALB,Albania,FP.CPI.TOTL.ZG,2022,6.72520271530059
DZA,Algeria,FP.CPI.TOTL.ZG,2024,4.04611455313434
DZA,Algeria,FP.CPI.TOTL.ZG,2023,9.32217375928322
DZA,Algeria,FP.CPI.TOTL.ZG,2022,9.26551551551553
ASM,American Samoa,FP.CPI.TOTL.ZG,2024,
ASM,American Samoa,FP.CPI.TOTL.ZG,2023,
ASM,American Samoa,FP.CPI.TOTL.ZG,2022,
AND,Andorra,FP.CPI.TOTL.ZG,2024,
AND,Andorra,FP.CPI.TOTL.ZG,2023,
AND,Andorra,FP.CPI.TOTL.ZG,2022,
AGO,Angola,FP.CPI.TOTL.ZG,2024,28.2404948915772
AGO,Angola,FP.CPI.TOTL.ZG,2023,13.6441017767715
AGO,Angola,FP.CPI.TOTL.ZG,2022,21.3552901320822
ATG,Antigua and Barbuda,FP.CPI.TOTL.ZG,2024,6.19886698842116
ATG,Antigua and Barbuda,FP.CPI.TOTL.ZG,2023,5.06713865364213
ATG,Antigua and Barbuda,FP.CPI.TOTL.ZG,2022,7.53107834634288
ARG,Argentina,FP.CPI.TOTL.ZG,2024,219.883929014578
ARG,Argentina,FP.CPI.TOTL.ZG,2023,133.488935594175
ARG,Argentina,FP.CPI.TOTL.ZG,2022,72.430757531824
ARM,Armenia,FP.CPI.TOTL.ZG,2024,0.269511978259125
ARM,Armenia,FP.CPI.TOTL.ZG,2023,1.98041877615554
ARM,Armenia,FP.CPI.TOTL.ZG,2022,8.64091108973855
ABW,Aruba,FP.CPI.TOTL.ZG,2024,
ABW,Aruba,FP.CPI.TOTL.ZG,2023,
ABW,Aruba,FP.CPI.TOTL.ZG,2022,
AUS,Australia,FP.CPI.TOTL.ZG,2024,3.16656665428797
AUS,Australia,FP.CPI.TOTL.ZG,2023,5.59701792296707
AUS,Australia,FP.CPI.TOTL.ZG,2022,6.59409658717841
AUT,Austria,FP.CPI.TOTL.ZG,2024,2.93791574279376
AUT,Austria,FP.CPI.TOTL.ZG,2023,7.81413417002831
AUT,Austria,FP.CPI.TOTL.ZG,2022,8.54686993188458
AZE,Azerbaijan,FP.CPI.TOTL.ZG,2024,2.21217188919901
AZE,Azerbaijan,FP.CPI.TOTL.ZG,2023,8.78543049849081
AZE,Azerbaijan,FP.CPI.TOTL.ZG,2022,13.8522590144267
BHS,"Bahamas, The",FP.CPI.TOTL.ZG,2024,0.409162489083286
BHS,"Bahamas, The",FP.CPI.TOTL.ZG,2023,3.05291578969743
BHS,"Bahamas, The",FP.CPI.TOTL.ZG,2022,5.60540633583044
BHR,Bahrain,FP.CPI.TOTL.ZG,2024,0.919635459817651
BHR,Bahrain,FP.CPI.TOTL.ZG,2023,0.0746206782192256
BHR,Bahrain,FP.CPI.TOTL.ZG,2022,3.62574104304482
BGD,Bangladesh,FP.CPI.TOTL.ZG,2024,10.4657482763412
BGD,Bangladesh,FP.CPI.TOTL.ZG,2023,9.8835030377921
BGD,Bangladesh,FP.CPI.TOTL.ZG,2022,7.69695437176898
BRB,Barbados,FP.CPI.TOTL.ZG,2024,1.4464366430616
BRB,Barbados,FP.CPI.TOTL.ZG,2023,3.18718905472632
BRB,Barbados,FP.CPI.TOTL.ZG,2022,
BLR,Belarus,FP.CPI.TOTL.ZG,2024,5.78531910428005
BLR,Belarus,FP.CPI.TOTL.ZG,2023,5.0005990309131
BLR,Belarus,FP.CPI.TOTL.ZG,2022,15.209675274081
BEL,Belgium,FP.CPI.TOTL.ZG,2024,3.14349136500041
BEL,Belgium,FP.CPI.TOTL.ZG,2023,4.04901077613941
BEL,Belgium,FP.CPI.TOTL.ZG,2022,9.597511728725
BLZ,Belize,FP.CPI.TOTL.ZG,2024,3.28955985952768
BLZ,Belize,FP.CPI.TOTL.ZG,2023,4.38984017487675
BLZ,Belize,FP.CPI.TOTL.ZG,2022,6.27689319447544
BEN,Benin,FP.CPI.TOTL.ZG,2024,1.16093089640415
BEN,Benin,FP.CPI.TOTL.ZG,2023,2.73870078406075
BEN,Benin,FP.CPI.TOTL.ZG,2022,1.35077863583527
BMU,Bermuda,FP.CPI.TOTL.ZG,2024,
BMU,Bermuda,FP.CPI.TOTL.ZG,2023,
BMU,Bermuda,FP.CPI.TOTL.ZG,2022,
BTN,Bhutan,FP.CPI.TOTL.ZG,2024,2.76131569624098
BTN,Bhutan,FP.CPI.TOTL.ZG,2023,4.22934419929251
BTN,Bhutan,FP.CPI.TOTL.ZG,2022,5.6391667139637
BOL,Bolivia,FP.CPI.TOTL.ZG,2024,5.09976568317427
BOL,Bolivia,FP.CPI.TOTL.ZG,2023,2.57688800489192
BOL,Bolivia,FP.CPI.TOTL.ZG,2022,1.74632872945969
BIH,Bosnia and Herzegovina,FP.CPI.TOTL.ZG,2024,
BIH,Bosnia and Herzegovina,FP.CPI.TOTL.ZG,2023,6.1059011284828
BIH,Bosnia and Herzegovina,FP.CPI.TOTL.ZG,2022,14.0208440826771
BWA,Botswana,FP.CPI.TOTL.ZG,2024,2.81835131676251
BWA,Botswana,FP.CPI.TOTL.ZG,2023,5.0676154934383
BWA,Botswana,FP.CPI.TOTL.ZG,2022,11.665567478802
BRA,Brazil,FP.CPI.TOTL.ZG,2024,4.36746407652337
BRA,Brazil,FP.CPI.TOTL.ZG,2023,4.59356282283204
BRA,Brazil,FP.CPI.TOTL.ZG,2022,9.28010608956873
VGB,British Virgin Islands,FP.CPI.TOTL.ZG,2024,
VGB,British Virgin Islands,FP.CPI.TOTL.ZG,2023,
VGB,British Virgin Islands,FP.CPI.TOTL.ZG,2022,
BRN,Brunei Darussalam,FP.CPI.TOTL.ZG,2024,-0.388674165036461
BRN,Brunei Darussalam,FP.CPI.TOTL.ZG,2023,0.35706431153689
BRN,Brunei Darussalam,FP.CPI.TOTL.ZG,2022,3.68225030604216
BGR,Bulgaria,FP.CPI.TOTL.ZG,2024,2.44651943006079
BGR,Bulgaria,FP.CPI.TOTL.ZG,2023,9.44284140088564
BGR,Bulgaria,FP.CPI.TOTL.ZG,2022,15.3252589264367
BFA,Burkina Faso,FP.CPI.TOTL.ZG,2024,4.19081721344523
BFA,Burkina Faso,FP.CPI.TOTL.ZG,2023,0.742910428668918
BFA,Burkina Faso,FP.CPI.TOTL.ZG,2022,14.2902354303358
BDI,Burundi,FP.CPI.TOTL.ZG,2024,20.2124925027847
BDI,Burundi,FP.CPI.TOTL.ZG,2023,26.9414835762453
BDI,Burundi,FP.CPI.TOTL.ZG,2022,18.8008786664945
CPV,Cabo Verde,FP.CPI.TOTL.ZG,2024,1.04817001091965
CPV,Cabo Verde,FP.CPI.TOTL.ZG,2023,3.72437517668748
CPV,Cabo Verde,FP.CPI.TOTL.ZG,2022,7.93092925430087
KHM,Cambodia,FP.CPI.TOTL.ZG,2024,0.808042016536654
KHM,Cambodia,FP.CPI.TOTL.ZG,2023,2.12746796594194
KHM,Cambodia,FP.CPI.TOTL.ZG,2022,5.34370264895437
CMR,Cameroon,FP.CPI.TOTL.ZG,2024,4.53331349711606
CMR,Cameroon,FP.CPI.TOTL.ZG,2023,7.38281384280984
CMR,Cameroon,FP.CPI.TOTL.ZG,2022,6.24767713343861
CAN,Canada,FP.CPI.TOTL.ZG,2024,2.38158383281173
CAN,Canada,FP.CPI.TOTL.ZG,2023,3.87900159788426
CAN,Canada,FP.CPI.TOTL.ZG,2022,6.80280115341613
CYM,Cayman Islands,FP.CPI.TOTL.ZG,2024,
CYM,Cayman Islands,FP.CPI.TOTL.ZG,2023,
CYM,Cayman Islands,FP.CPI.TOTL.ZG,2022,
CAF,Central African Republic,FP.CPI.TOTL.ZG,2024,1.47733600718744
CAF,Central African Republic,FP.CPI.TOTL.ZG,2023,2.97913852618937
CAF,Central African Republic,FP.CPI.TOTL.ZG,2022,5.58316735183247
TCD,Chad,FP.CPI.TOTL.ZG,2024,8.89950732263754
TCD,Chad,FP.CPI.TOTL.ZG,2023,10.8363568399843
TCD,Chad,FP.CPI.TOTL.ZG,2022,5.78802687843616
CHI,Channel Islands,FP.CPI.TOTL.ZG,2024,
CHI,Channel Islands,FP.CPI.TOTL.ZG,2023,
CHI,Channel Islands,FP.CPI.TOTL.ZG,2022,
CHL,Chile,FP.CPI.TOTL.ZG,2024,4.29763891572524
CHL,Chile,FP.CPI.TOTL.ZG,2023,7.58168251407962
CHL,Chile,FP.CPI.TOTL.ZG,2022,11.643866711056
CHN,China,FP.CPI.TOTL.ZG,2024,0.218128938439177
CHN,China,FP.CPI.TOTL.ZG,2023,0.234836828893051
CHN,China,FP.CPI.TOTL.ZG,2022,1.97357555739051
COL,Colombia,FP.CPI.TOTL.ZG,2024,6.60908593728228
COL,Colombia,FP.CPI.TOTL.ZG,2023,11.7359044948689
COL,Colombia,FP.CPI.TOTL.ZG,2022,10.1772313546166
COM,Comoros,FP.CPI.TOTL.ZG,2024,5.05192609588218
COM,Comoros,FP.CPI.TOTL.ZG,2023,8.37373955490996
COM,Comoros,FP.CPI.TOTL.ZG,2022,12.5320314570999
COD,"Congo, Dem. Rep.",FP.CPI.TOTL.ZG,2024,
COD,"Congo, Dem. Rep.",FP.CPI.TOTL.ZG,2023,
COD,"Congo, Dem. Rep.",FP.CPI.TOTL.ZG,2022,
COG,"Congo, Rep.",FP.CPI.TOTL.ZG,2024,3.09143630919166
COG,"Congo, Rep.",FP.CPI.TOTL.ZG,2023,4.30174563591016
COG,"Congo, Rep.",FP.CPI.TOTL.ZG,2022,3.04344334698478
CRI,Costa Rica,FP.CPI.TOTL.ZG,2024,-0.412853001047069
CRI,Costa Rica,FP.CPI.TOTL.ZG,2023,0.525193508693455
CRI,Costa Rica,FP.CPI.TOTL.ZG,2022,8.27477490232654
CIV,Cote d'Ivoire,FP.CPI.TOTL.ZG,2024,3.45053028131019
CIV,Cote d'Ivoire,FP.CPI.TOTL.ZG,2023,4.36972254867474
CIV,Cote d'Ivoire,FP.CPI.TOTL.ZG,2022,5.23352856100843
HRV,Croatia,FP.CPI.TOTL.ZG,2024,2.97200477643626
HRV,Croatia,FP.CPI.TOTL.ZG,2023,7.94128177586822
HRV,Croatia,FP.CPI.TOTL.ZG,2022,10.7805806758686
CUB,Cuba,FP.CPI.TOTL.ZG,2024,
CUB,Cuba,FP.CPI.TOTL.ZG,2023,
CUB,Cuba,FP.CPI.TOTL.ZG,2022,
CUW,Curacao,FP.CPI.TOTL.ZG,2024,
CUW,Curacao,FP.CPI.TOTL.ZG,2023,
CUW,Curacao,FP.CPI.TOTL.ZG,2022,
CYP,Cyprus,FP.CPI.TOTL.ZG,2024,1.80023018624824
CYP,Cyprus,FP.CPI.TOTL.ZG,2023,3.54134188751646
CYP,Cyprus,FP.CPI.TOTL.ZG,2022,8.39548297993334
CZE,Czechia,FP.CPI.TOTL.ZG,2024,2.43531202435314
CZE,Czechia,FP.CPI.TOTL.ZG,2023,10.6612601372427
CZE,Czechia,FP.CPI.TOTL.ZG,2022,15.1001651468371
DNK,Denmark,FP.CPI.TOTL.ZG,2024,1.37220049768926
DNK,Denmark,FP.CPI.TOTL.ZG,2023,3.30517811237606
DNK,Denmark,FP.CPI.TOTL.ZG,2022,7.6965669988926
DJI,Djibouti,FP.CPI.TOTL.ZG,2024,2.1120116728497
DJI,Djibouti,FP.CPI.TOTL.ZG,2023,1.44905087029086
DJI,Djibouti,FP.CPI.TOTL.ZG,2022,5.17222088647606
DMA,Dominica,FP.CPI.TOTL.ZG,2024,2.73620751873313
DMA,Dominica,FP.CPI.TOTL.ZG,2023,5.08677483158112
DMA,Dominica,FP.CPI.TOTL.ZG,2022,2.88490226829353
DOM,Dominican Republic,FP.CPI.TOTL.ZG,2024,3.30223338951227
DOM,Dominican Republic,FP.CPI.TOTL.ZG,2023,4.78561281021135
DOM,Dominican Republic,FP.CPI.TOTL.ZG,2022,8.81109209279587
ECU,Ecuador,FP.CPI.TOTL.ZG,2024,1.54732515615369
ECU,Ecuador,FP.CPI.TOTL.ZG,2023,2.21568764237058
ECU,Ecuador,FP.CPI.TOTL.ZG,2022,3.46616972213077
EGY,"Egypt, Arab Rep.",FP.CPI.TOTL.ZG,2024,28.2705899322083
EGY,"Egypt, Arab Rep.",FP.CPI.TOTL.ZG,2023,33.8847763115546
EGY,"Egypt, Arab Rep.",FP.CPI.TOTL.ZG,2022,13.8956609775178
SLV,El Salvador,FP.CPI.TOTL.ZG,2024,0.853782292567288
SLV,El Salvador,FP.CPI.TOTL.ZG,2023,4.04554694222477
SLV,El Salvador,FP.CPI.TOTL.ZG,2022,7.19861615609867
GNQ,Equatorial Guinea,FP.CPI.TOTL.ZG,2024,2.92140227309103
GNQ,Equatorial Guinea,FP.CPI.TOTL.ZG,2023,2.85949506037322
GNQ,Equatorial Guinea,FP.CPI.TOTL.ZG,2022,4.78671704710803
ERI,Eritrea,FP.CPI.TOTL.ZG,2024,
ERI,Eritrea,FP.CPI.TOTL.ZG,2023,
ERI,Eritrea,FP.CPI.TOTL.ZG,2022,
EST,Estonia,FP.CPI.TOTL.ZG,2024,3.5194118998392
EST,Estonia,FP.CPI.TOTL.ZG,2023,9.15922507983982
EST,Estonia,FP.CPI.TOTL.ZG,2022,19.3982634080616
SWZ,Eswatini,FP.CPI.TOTL.ZG,2024,
SWZ,Eswatini,FP.CPI.TOTL.ZG,2023,
SWZ,Eswatini,FP.CPI.TOTL.ZG,2022,
ETH,Ethiopia,FP.CPI.TOTL.ZG,2024,21.0377460577711
ETH,Ethiopia,FP.CPI.TOTL.ZG,2023,30.2188278135278
ETH,Ethiopia,FP.CPI.TOTL.ZG,2022,33.8898797100898
FRO,Faroe Islands,FP.CPI.TOTL.ZG,2024,
FRO,Faroe Islands,FP.CPI.TOTL.ZG,2023,
FRO,Faroe Islands,FP.CPI.TOTL.ZG,2022,
FJI,Fiji,FP.CPI.TOTL.ZG,2024,3.89084237884105
FJI,Fiji,FP.CPI.TOTL.ZG,2023,2.97544080604539
FJI,Fiji,FP.CPI.TOTL.ZG,2022,6.07882431529725
FIN,Finland,FP.CPI.TOTL.ZG,2024,1.56568906231616
FIN,Finland,FP.CPI.TOTL.ZG,2023,6.25064322154763
FIN,Finland,FP.CPI.TOTL.ZG,2022,7.12350773301412
FRA,France,FP.CPI.TOTL.ZG,2024,1.99904942291463
FRA,France,FP.CPI.TOTL.ZG,2023,4.8783572650844
FRA,France,FP.CPI.TOTL.ZG,2022,5.22236748369725
PYF,French Polynesia,FP.CPI.TOTL.ZG,2024,
PYF,French Polynesia,FP.CPI.TOTL.ZG,2023,
PYF,French Polynesia,FP.CPI.TOTL.ZG,2022,
GAB,Gabon,FP.CPI.TOTL.ZG,2024,1.17311998381218
GAB,Gabon,FP.CPI.TOTL.ZG,2023,3.62901534185376
GAB,Gabon,FP.CPI.TOTL.ZG,2022,4.23124798274579
GMB,"Gambia, The",FP.CPI.TOTL.ZG,2024,11.5610532897511
GMB,"Gambia, The",FP.CPI.TOTL.ZG,2023,16.9742129632327
GMB,"Gambia, The",FP.CPI.TOTL.ZG,2022,11.5131198380505
GEO,Georgia,FP.CPI.TOTL.ZG,2024,1.10971758022096
GEO,Georgia,FP.CPI.TOTL.ZG,2023,2.48776056578715
GEO,Georgia,FP.CPI.TOTL.ZG,2022,11.8981654203198
DEU,Germany,FP.CPI.TOTL.ZG,2024,2.2564981433876
DEU,Germany,FP.CPI.TOTL.ZG,2023,5.94643667725823
DEU,Germany,FP.CPI.TOTL.ZG,2022,6.87257438551097
GHA,Ghana,FP.CPI.TOTL.ZG,2024,22.8483281157842
GHA,Ghana,FP.CPI.TOTL.ZG,2023,38.1069656296501
GHA,Ghana,FP.CPI.TOTL.ZG,2022,31.2558951049016
GIB,Gibraltar,FP.CPI.TOTL.ZG,2024,
GIB,Gibraltar,FP.CPI.TOTL.ZG,2023,
GIB,Gibraltar,FP.CPI.TOTL.ZG,2022,
GRC,Greece,FP.CPI.TOTL.ZG,2024,2.74101875679486
GRC,Greece,FP.CPI.TOTL.ZG,2023,3.46480128513405
GRC,Greece,FP.CPI.TOTL.ZG,2022,9.64525981280632
GRL,Greenland,FP.CPI.TOTL.ZG,2024,
GRL,Greenland,FP.CPI.TOTL.ZG,2023,
GRL,Greenland,FP.CPI.TOTL.ZG,2022,
GRD,Grenada,FP.CPI.TOTL.ZG,2024,1.08615365134737
GRD,Grenada,FP.CPI.TOTL.ZG,2023,2.69612269814564
GRD,Grenada,FP.CPI.TOTL.ZG,2022,2.5805392590792
GUM,Guam,FP.CPI.TOTL.ZG,2024,
GUM,Guam,FP.CPI.TOTL.ZG,2023,
GUM,Guam,FP.CPI.TOTL.ZG,2022,
GTM,Guatemala,FP.CPI.TOTL.ZG,2024,2.86992752918294
GTM,Guatemala,FP.CPI.TOTL.ZG,2023,6.20657592272126
GTM,Guatemala,FP.CPI.TOTL.ZG,2022,6.88512823344287
GIN,Guinea,FP.CPI.TOTL.ZG,2024,8.12313914948596
GIN,Guinea,FP.CPI.TOTL.ZG,2023,7.80497591927973
GIN,Guinea,FP.CPI.TOTL.ZG,2022,10.4930409984424
GNB,Guinea-Bissau,FP.CPI.TOTL.ZG,2024,3.76555825770114
GNB,Guinea-Bissau,FP.CPI.TOTL.ZG,2023,7.10220928557059
GNB,Guinea-Bissau,FP.CPI.TOTL.ZG,2022,9.39075933985203
GUY,Guyana,FP.CPI.TOTL.ZG,2024,2.90379501424778
GUY,Guyana,FP.CPI.TOTL.ZG,2023,2.82159393090811
GUY,Guyana,FP.CPI.TOTL.ZG,2022,6.93346066500816
HTI,Haiti,FP.CPI.TOTL.ZG,2024,26.9490564091987
HTI,Haiti,FP.CPI.TOTL.ZG,2023,36.8135162780854
HTI,Haiti,FP.CPI.TOTL.ZG,2022,33.98393194707
HND,Honduras,FP.CPI.TOTL.ZG,2024,4.60621098127101
HND,Honduras,FP.CPI.TOTL.ZG,2023,6.66325180347463
HND,Honduras,FP.CPI.TOTL.ZG,2022,9.08963911525032
HKG,"Hong Kong SAR, China",FP.CPI.TOTL.ZG,2024,1.72972119105914
HKG,"Hong Kong SAR, China",FP.CPI.TOTL.ZG,2023,2.09660511249089
HKG,"Hong Kong SAR, China",FP.CPI.TOTL.ZG,2022,1.88136707196853
HUN,Hungary,FP.CPI.TOTL.ZG,2024,3.70370370370369
HUN,Hungary,FP.CPI.TOTL.ZG,2023,17.1249659678737
HUN,Hungary,FP.CPI.TOTL.ZG,2022,14.6081439492433
ISL,Iceland,FP.CPI.TOTL.ZG,2024,5.85683849970072
ISL,Iceland,FP.CPI.TOTL.ZG,2023,8.73630299937298
ISL,Iceland,FP.CPI.TOTL.ZG,2022,8.30875511558912
IND,India,FP.CPI.TOTL.ZG,2024,4.95303550973661
IND,India,FP.CPI.TOTL.ZG,2023,5.64914318907925
IND,India,FP.CPI.TOTL.ZG,2022,6.69903414079858
IDN,Indonesia,FP.CPI.TOTL.ZG,2024,2.18151273615189
IDN,Indonesia,FP.CPI.TOTL.ZG,2023,3.66938654859761
IDN,Indonesia,FP.CPI.TOTL.ZG,2022,4.20946463714784
IRN,"Iran, Islamic Rep.",FP.CPI.TOTL.ZG,2024,32.455871402917
IRN,"Iran, Islamic Rep.",FP.CPI.TOTL.ZG,2023,44.5791857572797
IRN,"Iran, Islamic Rep.",FP.CPI.TOTL.ZG,2022,43.4884641742179
IRQ,Iraq,FP.CPI.TOTL.ZG,2024,2.6116961151764
IRQ,Iraq,FP.CPI.TOTL.ZG,2023,4.35835351089595
IRQ,Iraq,FP.CPI.TOTL.ZG,2022,4.9947659638103
IRL,Ireland,FP.CPI.TOTL.ZG,2024,2.11344999577317
IRL,Ireland,FP.CPI.TOTL.ZG,2023,6.29942487419125
IRL,Ireland,FP.CPI.TOTL.ZG,2022,7.82945736434105
IMN,Isle of Man,FP.CPI.TOTL.ZG,2024,
IMN,Isle of Man,FP.CPI.TOTL.ZG,2023,
IMN,Isle of Man,FP.CPI.TOTL.ZG,2022,
ISR,Israel,FP.CPI.TOTL.ZG,2024,3.07480889805025
ISR,Israel,FP.CPI.TOTL.ZG,2023,4.22522603168918
ISR,Israel,FP.CPI.TOTL.ZG,2022,4.41162725488371
ITA,Italy,FP.CPI.TOTL.ZG,2024,0.982373023061417
ITA,Italy,FP.CPI.TOTL.ZG,2023,5.62219442195901
ITA,Italy,FP.CPI.TOTL.ZG,2022,8.20128991161718
JAM,Jamaica,FP.CPI.TOTL.ZG,2024,5.41194447981659
JAM,Jamaica,FP.CPI.TOTL.ZG,2023,6.47413734662063
JAM,Jamaica,FP.CPI.TOTL.ZG,2022,10.3495688391272
JPN,Japan,FP.CPI.TOTL.ZG,2024,2.73853681635241
JPN,Japan,FP.CPI.TOTL.ZG,2023,3.26813365933163
JPN,Japan,FP.CPI.TOTL.ZG,2022,2.49770278172255
JOR,Jordan,FP.CPI.TOTL.ZG,2024,1.55659611283953
JOR,Jordan,FP.CPI.TOTL.ZG,2023,2.08486986327134
JOR,Jordan,FP.CPI.TOTL.ZG,2022,4.22915568897117
KAZ,Kazakhstan,FP.CPI.TOTL.ZG,2024,8.69082156104494
KAZ,Kazakhstan,FP.CPI.TOTL.ZG,2023,14.5275597825952
KAZ,Kazakhstan,FP.CPI.TOTL.ZG,2022,15.0278644440851
KEN,Kenya,FP.CPI.TOTL.ZG,2024,4.48978854243448
KEN,Kenya,FP.CPI.TOTL.ZG,2023,7.67139634029402
KEN,Kenya,FP.CPI.TOTL.ZG,2022,7.65986268272224
KIR,Kiribati,FP.CPI.TOTL.ZG,2024,2.45545072159028
KIR,Kiribati,FP.CPI.TOTL.ZG,2023,9.28307374517721
KIR,Kiribati,FP.CPI.TOTL.ZG,2022,5.34595440908904
PRK,"Korea, Dem. People's Rep.",FP.CPI.TOTL.ZG,2024,
PRK,"Korea, Dem. People's Rep.",FP.CPI.TOTL.ZG,2023,
PRK,"Korea, Dem. People's Rep.",FP.CPI.TOTL.ZG,2022,
KOR,"Korea, Rep.",FP.CPI.TOTL.ZG,2024,2.32174328643542
KOR,"Korea, Rep.",FP.CPI.TOTL.ZG,2023,3.5974562502901
KOR,"Korea, Rep.",FP.CPI.TOTL.ZG,2022,5.08951365062842
XKX,Kosovo,FP.CPI.TOTL.ZG,2024,1.61944994559476
XKX,Kosovo,FP.CPI.TOTL.ZG,2023,4.94432438791283
XKX,Kosovo,FP.CPI.TOTL.ZG,2022,11.5805104542012
KWT,Kuwait,FP.CPI.TOTL.ZG,2024,2.89855072463762
KWT,Kuwait,FP.CPI.TOTL.ZG,2023,3.64216403030709
KWT,Kuwait,FP.CPI.TOTL.ZG,2022,3.98064961990313
KGZ,Kyrgyz Republic,FP.CPI.TOTL.ZG,2024,4.99760701207323
KGZ,Kyrgyz Republic,FP.CPI.TOTL.ZG,2023,10.7532770416742
KGZ,Kyrgyz Republic,FP.CPI.TOTL.ZG,2022,13.9229093174176
LAO,Lao PDR,FP.CPI.TOTL.ZG,2024,23.1305695942588
LAO,Lao PDR,FP.CPI.TOTL.ZG,2023,31.2301341732646
LAO,Lao PDR,FP.CPI.TOTL.ZG,2022,22.9562225132056
LVA,Latvia,FP.CPI.TOTL.ZG,2024,1.26579885828729
LVA,Latvia,FP.CPI.TOTL.ZG,2023,8.9380462331663
LVA,Latvia,FP.CPI.TOTL.ZG,2022,17.3102830198815
LBN,Lebanon,FP.CPI.TOTL.ZG,2024,45.2430422716718
LBN,Lebanon,FP.CPI.TOTL.ZG,2023,221.341644023365
LBN,Lebanon,FP.CPI.TOTL.ZG,2022,171.205491336641
LSO,Lesotho,FP.CPI.TOTL.ZG,2024,6.10544624245032
LSO,Lesotho,FP.CPI.TOTL.ZG,2023,6.34221743124953
LSO,Lesotho,FP.CPI.TOTL.ZG,2022,8.27180389943028
LBR,Liberia,FP.CPI.TOTL.ZG,2024,8.21497439118964
LBR,Liberia,FP.CPI.TOTL.ZG,2023,10.0944535665552
LBR,Liberia,FP.CPI.TOTL.ZG,2022,7.59298486560313
LBY,Libya,FP.CPI.TOTL.ZG,2024,2.12615766885021
LBY,Libya,FP.CPI.TOTL.ZG,2023,2.3731753143518
LBY,Libya,FP.CPI.TOTL.ZG,2022,4.51030149235695
LIE,Liechtenstein,FP.CPI.TOTL.ZG,2024,
LIE,Liechtenstein,FP.CPI.TOTL.ZG,2023,
LIE,Liechtenstein,FP.CPI.TOTL.ZG,2022,
LTU,Lithuania,FP.CPI.TOTL.ZG,2024,0.715735835228723
LTU,Lithuania,FP.CPI.TOTL.ZG,2023,9.11731962390475
LTU,Lithuania,FP.CPI.TOTL.ZG,2022,19.7050461518394
LUX,Luxembourg,FP.CPI.TOTL.ZG,2024,2.05113269954859
LUX,Luxembourg,FP.CPI.TOTL.ZG,2023,3.74140361983136
LUX,Luxembourg,FP.CPI.TOTL.ZG,2022,6.33600807777919
MAC,"Macao SAR, China",FP.CPI.TOTL.ZG,2024,0.672498598854365
MAC,"Macao SAR, China",FP.CPI.TOTL.ZG,2023,0.476384495788075
MAC,"Macao SAR, China",FP.CPI.TOTL.ZG,2022,1.04502802369954
MDG,Madagascar,FP.CPI.TOTL.ZG,2024,7.61335784313723
MDG,Madagascar,FP.CPI.TOTL.ZG,2023,9.87432675044888
MDG,Madagascar,FP.CPI.TOTL.ZG,2022,8.16059031991844
MWI,Malawi,FP.CPI.TOTL.ZG,2024,32.1796504225025
MWI,Malawi,FP.CPI.TOTL.ZG,2023,28.7897428247298
MWI,Malawi,FP.CPI.TOTL.ZG,2022,20.953969729969
MYS,Malaysia,FP.CPI.TOTL.ZG,2024,1.834100204499
MYS,Malaysia,FP.CPI.TOTL.ZG,2023,2.48886560125754
MYS,Malaysia,FP.CPI.TOTL.ZG,2022,3.37869862549928
MDV,Maldives,FP.CPI.TOTL.ZG,2024,1.41093527910134
MDV,Maldives,FP.CPI.TOTL.ZG,2023,2.90372427754586
MDV,Maldives,FP.CPI.TOTL.ZG,2022,2.3305404647725
MLI,Mali,FP.CPI.TOTL.ZG,2024,3.2063986409966
MLI,Mali,FP.CPI.TOTL.ZG,2023,2.05880228274223
MLI,Mali,FP.CPI.TOTL.ZG,2022,9.62147608489064
MLT,Malta,FP.CPI.TOTL.ZG,2024,1.65079469283109
MLT,Malta,FP.CPI.TOTL.ZG,2023,5.09396758978883
MLT,Malta,FP.CPI.TOTL.ZG,2022,6.15375621933037
MHL,Marshall Islands,FP.CPI.TOTL.ZG,2024,
MHL,Marshall Islands,FP.CPI.TOTL.ZG,2023,
MHL,Marshall Islands,FP.CPI.TOTL.ZG,2022,
MRT,Mauritania,FP.CPI.TOTL.ZG,2024,2.49164347481972
MRT,Mauritania,FP.CPI.TOTL.ZG,2023,4.95305034506872
MRT,Mauritania,FP.CPI.TOTL.ZG,2022,9.52526628622843
MUS,Mauritius,FP.CPI.TOTL.ZG,2024,3.6045220384796
MUS,Mauritius,FP.CPI.TOTL.ZG,2023,7.05298238454736
MUS,Mauritius,FP.CPI.TOTL.ZG,2022,10.7737512242899
MEX,Mexico,FP.CPI.TOTL.ZG,2024,4.72225588452932
MEX,Mexico,FP.CPI.TOTL.ZG,2023,5.52796087314389
MEX,Mexico,FP.CPI.TOTL.ZG,2022,7.8962761916855
FSM,"Micronesia, Fed. Sts.",FP.CPI.TOTL.ZG,2024,
FSM,"Micronesia, Fed. Sts.",FP.CPI.TOTL.ZG,2023,
FSM,"Micronesia, Fed. Sts.",FP.CPI.TOTL.ZG,2022,5.40874375479067
MDA,Moldova,FP.CPI.TOTL.ZG,2024,4.67773516007048
MDA,Moldova,FP.CPI.TOTL.ZG,2023,13.41701043813
MDA,Moldova,FP.CPI.TOTL.ZG,2022,28.7372976766236
MCO,Monaco,FP.CPI.TOTL.ZG,2024,
MCO,Monaco,FP.CPI.TOTL.ZG,2023,
MCO,Monaco,FP.CPI.TOTL.ZG,2022,
MNG,Mongolia,FP.CPI.TOTL.ZG,2024,6.1977990165842
MNG,Mongolia,FP.CPI.TOTL.ZG,2023,10.347583131434
MNG,Mongolia,FP.CPI.TOTL.ZG,2022,15.1509728200805
MNE,Montenegro,FP.CPI.TOTL.ZG,2024,3.33675009282281
MNE,Montenegro,FP.CPI.TOTL.ZG,2023,8.58476910455403
MNE,Montenegro,FP.CPI.TOTL.ZG,2022,13.0403036347004
MAR,Morocco,FP.CPI.TOTL.ZG,2024,0.985256592004507
MAR,Morocco,FP.CPI.TOTL.ZG,2023,6.09114152504141
MAR,Morocco,FP.CPI.TOTL.ZG,2022,6.65704202759067
MOZ,Mozambique,FP.CPI.TOTL.ZG,2024,4.07856834812022
MOZ,Mozambique,FP.CPI.TOTL.ZG,2023,7.12697482131851
MOZ,Mozambique,FP.CPI.TOTL.ZG,2022,10.2794018093421
MMR,Myanmar,FP.CPI.TOTL.ZG,2024,
MMR,Myanmar,FP.CPI.TOTL.ZG,2023,
MMR,Myanmar,FP.CPI.TOTL.ZG,2022,
NAM,Namibia,FP.CPI.TOTL.ZG,2024,4.23903922877036
NAM,Namibia,FP.CPI.TOTL.ZG,2023,5.87993463284275
NAM,Namibia,FP.CPI.TOTL.ZG,2022,6.08128114112413
NRU,Naoero,FP.CPI.TOTL.ZG,2024,
NRU,Naoero,FP.CPI.TOTL.ZG,2023,
NRU,Naoero,FP.CPI.TOTL.ZG,2022,
NPL,Nepal,FP.CPI.TOTL.ZG,2024,4.6850965426577
NPL,Nepal,FP.CPI.TOTL.ZG,2023,7.11587261530826
NPL,Nepal,FP.CPI.TOTL.ZG,2022,7.6702057938028
NLD,Netherlands,FP.CPI.TOTL.ZG,2024,3.34754304219953
NLD,Netherlands,FP.CPI.TOTL.ZG,2023,3.83839354342808
NLD,Netherlands,FP.CPI.TOTL.ZG,2022,10.0012078753473
NCL,New Caledonia,FP.CPI.TOTL.ZG,2024,
NCL,New Caledonia,FP.CPI.TOTL.ZG,2023,
NCL,New Caledonia,FP.CPI.TOTL.ZG,2022,
NZL,New Zealand,FP.CPI.TOTL.ZG,2024,2.92279782301957
NZL,New Zealand,FP.CPI.TOTL.ZG,2023,5.73316283034957
NZL,New Zealand,FP.CPI.TOTL.ZG,2022,7.17222476016441
NIC,Nicaragua,FP.CPI.TOTL.ZG,2024,4.62473841057141
NIC,Nicaragua,FP.CPI.TOTL.ZG,2023,8.38765854872536
NIC,Nicaragua,FP.CPI.TOTL.ZG,2022,10.4674244465991
NER,Niger,FP.CPI.TOTL.ZG,2024,9.07151997725013
NER,Niger,FP.CPI.TOTL.ZG,2023,3.70097316425834
NER,Niger,FP.CPI.TOTL.ZG,2022,4.22621791916392
NGA,Nigeria,FP.CPI.TOTL.ZG,2024,33.2416590552749
NGA,Nigeria,FP.CPI.TOTL.ZG,2023,24.659550203114
NGA,Nigeria,FP.CPI.TOTL.ZG,2022,18.8471877843274
MKD,North Macedonia,FP.CPI.TOTL.ZG,2024,3.48974086026954
MKD,North Macedonia,FP.CPI.TOTL.ZG,2023,9.36187249769015
MKD,North Macedonia,FP.CPI.TOTL.ZG,2022,14.2047173195833
MNP,Northern Mariana Islands,FP.CPI.TOTL.ZG,2024,
MNP,Northern Mariana Islands,FP.CPI.TOTL.ZG,2023,
MNP,Northern Mariana Islands,FP.CPI.TOTL.ZG,2022,
NOR,Norway,FP.CPI.TOTL.ZG,2024,3.14530134431081
NOR,Norway,FP.CPI.TOTL.ZG,2023,5.51784987104659
NOR,Norway,FP.CPI.TOTL.ZG,2022,5.76412317852272
OMN,Oman,FP.CPI.TOTL.ZG,2024,0.593589236248469
OMN,Oman,FP.CPI.TOTL.ZG,2023,0.950782997762827
OMN,Oman,FP.CPI.TOTL.ZG,2022,2.5061425061425
PAK,Pakistan,FP.CPI.TOTL.ZG,2024,12.6325318530452
PAK,Pakistan,FP.CPI.TOTL.ZG,2023,30.7681280657005
PAK,Pakistan,FP.CPI.TOTL.ZG,2022,19.8738599646655
PLW,Palau,FP.CPI.TOTL.ZG,2024,2.23172772921704
PLW,Palau,FP.CPI.TOTL.ZG,2023,12.8199748216534
PLW,Palau,FP.CPI.TOTL.ZG,2022,12.3526638378124
PAN,Panama,FP.CPI.TOTL.ZG,2024,0.69322555100446
PAN,Panama,FP.CPI.TOTL.ZG,2023,1.48641355277038
PAN,Panama,FP.CPI.TOTL.ZG,2022,2.85965128834711
PNG,Papua New Guinea,FP.CPI.TOTL.ZG,2024,0.602403921107917
PNG,Papua New Guinea,FP.CPI.TOTL.ZG,2023,2.29869991296791
PNG,Papua New Guinea,FP.CPI.TOTL.ZG,2022,5.25323922215241
PRY,Paraguay,FP.CPI.TOTL.ZG,2024,3.83540271728533
PRY,Paraguay,FP.CPI.TOTL.ZG,2023,4.63202285403356
PRY,Paraguay,FP.CPI.TOTL.ZG,2022,9.76556667164402
PER,Peru,FP.CPI.TOTL.ZG,2024,2.00770739412712
PER,Peru,FP.CPI.TOTL.ZG,2023,6.45561348369586
PER,Peru,FP.CPI.TOTL.ZG,2022,8.33370630096231
PHL,Philippines,FP.CPI.TOTL.ZG,2024,3.21260487006347
PHL,Philippines,FP.CPI.TOTL.ZG,2023,5.97802515541409
PHL,Philippines,FP.CPI.TOTL.ZG,2022,5.82115811213955
POL,Poland,FP.CPI.TOTL.ZG,2024,3.79060897630197
POL,Poland,FP.CPI.TOTL.ZG,2023,11.5289127961105
POL,Poland,FP.CPI.TOTL.ZG,2022,14.4294507575758
PRT,Portugal,FP.CPI.TOTL.ZG,2024,2.41613187791876
PRT,Portugal,FP.CPI.TOTL.ZG,2023,4.31128191898681
PRT,Portugal,FP.CPI.TOTL.ZG,2022,7.83269124233323
PRI,Puerto Rico (US),FP.CPI.TOTL.ZG,2024,
PRI,Puerto Rico (US),FP.CPI.TOTL.ZG,2023,
PRI,Puerto Rico (US),FP.CPI.TOTL.ZG,2022,
QAT,Qatar,FP.CPI.TOTL.ZG,2024,1.26734310292375
QAT,Qatar,FP.CPI.TOTL.ZG,2023,3.02764899198902
QAT,Qatar,FP.CPI.TOTL.ZG,2022,4.99527553740761
ROU,Romania,FP.CPI.TOTL.ZG,2024,5.72140574354439
ROU,Romania,FP.CPI.TOTL.ZG,2023,10.3971874764996
ROU,Romania,FP.CPI.TOTL.ZG,2022,13.7954887432521
RUS,Russian Federation,FP.CPI.TOTL.ZG,2024,8.43486410496723
RUS,Russian Federation,FP.CPI.TOTL.ZG,2023,5.86571931748967
RUS,Russian Federation,FP.CPI.TOTL.ZG,2022,13.7436797398232
RWA,Rwanda,FP.CPI.TOTL.ZG,2024,1.77029240198635
RWA,Rwanda,FP.CPI.TOTL.ZG,2023,19.789546746467
RWA,Rwanda,FP.CPI.TOTL.ZG,2022,17.6892095588153
WSM,Samoa,FP.CPI.TOTL.ZG,2024,2.17245530514377
WSM,Samoa,FP.CPI.TOTL.ZG,2023,7.92164684826777
WSM,Samoa,FP.CPI.TOTL.ZG,2022,10.9618822286844
SMR,San Marino,FP.CPI.TOTL.ZG,2024,1.24216507945569
SMR,San Marino,FP.CPI.TOTL.ZG,2023,5.93190858629403
SMR,San Marino,FP.CPI.TOTL.ZG,2022,5.32545321311365
STP,Sao Tome and Principe,FP.CPI.TOTL.ZG,2024,14.3519273571008
STP,Sao Tome and Principe,FP.CPI.TOTL.ZG,2023,21.2589138473
STP,Sao Tome and Principe,FP.CPI.TOTL.ZG,2022,18.0056351122841
SAU,Saudi Arabia,FP.CPI.TOTL.ZG,2024,1.68792112375809
SAU,Saudi Arabia,FP.CPI.TOTL.ZG,2023,2.32708518362706
SAU,Saudi Arabia,FP.CPI.TOTL.ZG,2022,2.47407371925372
SEN,Senegal,FP.CPI.TOTL.ZG,2024,0.804503298792438
SEN,Senegal,FP.CPI.TOTL.ZG,2023,5.93947798773215
SEN,Senegal,FP.CPI.TOTL.ZG,2022,9.69681899081073
SRB,Serbia,FP.CPI.TOTL.ZG,2024,4.6705297488997
SRB,Serbia,FP.CPI.TOTL.ZG,2023,12.3719043552519
SRB,Serbia,FP.CPI.TOTL.ZG,2022,11.9815117344703
SYC,Seychelles,FP.CPI.TOTL.ZG,2024,0.311726050919668
SYC,Seychelles,FP.CPI.TOTL.ZG,2023,-1.03530088431952
SYC,Seychelles,FP.CPI.TOTL.ZG,2022,2.6260363285129
SLE,Sierra Leone,FP.CPI.TOTL.ZG,2024,28.6337500014115
SLE,Sierra Leone,FP.CPI.TOTL.ZG,2023,47.6428733253179
SLE,Sierra Leone,FP.CPI.TOTL.ZG,2022,27.2082883814653
SGP,Singapore,FP.CPI.TOTL.ZG,2024,2.38951123595017
SGP,Singapore,FP.CPI.TOTL.ZG,2023,4.83372362825798
SGP,Singapore,FP.CPI.TOTL.ZG,2022,6.13095418919732
SXM,Sint Maarten (Dutch part),FP.CPI.TOTL.ZG,2024,
SXM,Sint Maarten (Dutch part),FP.CPI.TOTL.ZG,2023,
SXM,Sint Maarten (Dutch part),FP.CPI.TOTL.ZG,2022,
SVK,Slovak Republic,FP.CPI.TOTL.ZG,2024,2.75760909424279
SVK,Slovak Republic,FP.CPI.TOTL.ZG,2023,10.5319476645211
SVK,Slovak Republic,FP.CPI.TOTL.ZG,2022,12.7741463637611
SVN,Slovenia,FP.CPI.TOTL.ZG,2024,1.96562656432505
SVN,Slovenia,FP.CPI.TOTL.ZG,2023,7.44687717385846
SVN,Slovenia,FP.CPI.TOTL.ZG,2022,8.83369886749452
SLB,Solomon Islands,FP.CPI.TOTL.ZG,2024,4.32183948388033
SLB,Solomon Islands,FP.CPI.TOTL.ZG,2023,5.88585897042164
SLB,Solomon Islands,FP.CPI.TOTL.ZG,2022,5.51812928576938
SOM,"Somalia, Fed. Rep.",FP.CPI.TOTL.ZG,2024,
SOM,"Somalia, Fed. Rep.",FP.CPI.TOTL.ZG,2023,
SOM,"Somalia, Fed. Rep.",FP.CPI.TOTL.ZG,2022,
ZAF,South Africa,FP.CPI.TOTL.ZG,2024,4.36115246518962
ZAF,South Africa,FP.CPI.TOTL.ZG,2023,6.0752438457966
ZAF,South Africa,FP.CPI.TOTL.ZG,2022,7.03987272546482
SSD,South Sudan,FP.CPI.TOTL.ZG,2024,91.4408220769046
SSD,South Sudan,FP.CPI.TOTL.ZG,2023,2.38280434813754
SSD,South Sudan,FP.CPI.TOTL.ZG,2022,-6.68732094212668
ESP,Spain,FP.CPI.TOTL.ZG,2024,2.747147886618
ESP,Spain,FP.CPI.TOTL.ZG,2023,3.53236133492433
ESP,Spain,FP.CPI.TOTL.ZG,2022,8.39057634118637
LKA,Sri Lanka,FP.CPI.TOTL.ZG,2024,-0.42936004906973
LKA,Sri Lanka,FP.CPI.TOTL.ZG,2023,16.5411742279832
LKA,Sri Lanka,FP.CPI.TOTL.ZG,2022,49.7211021114327
KNA,St. Kitts and Nevis,FP.CPI.TOTL.ZG,2024,
KNA,St. Kitts and Nevis,FP.CPI.TOTL.ZG,2023,3.55711230848243
KNA,St. Kitts and Nevis,FP.CPI.TOTL.ZG,2022,2.66817533111249
LCA,St. Lucia,FP.CPI.TOTL.ZG,2024,-0.674240853418779
LCA,St. Lucia,FP.CPI.TOTL.ZG,2023,3.81914546156358
LCA,St. Lucia,FP.CPI.TOTL.ZG,2022,9.65268564265764
MAF,St. Martin (French part),FP.CPI.TOTL.ZG,2024,
MAF,St. Martin (French part),FP.CPI.TOTL.ZG,2023,
MAF,St. Martin (French part),FP.CPI.TOTL.ZG,2022,
VCT,St. Vincent and the Grenadines,FP.CPI.TOTL.ZG,2024,3.62770736940927
VCT,St. Vincent and the Grenadines,FP.CPI.TOTL.ZG,2023,4.56457719814894
VCT,St. Vincent and the Grenadines,FP.CPI.TOTL.ZG,2022,5.66009779226552
SDN,Sudan,FP.CPI.TOTL.ZG,2024,
SDN,Sudan,FP.CPI.TOTL.ZG,2023,
SDN,Sudan,FP.CPI.TOTL.ZG,2022,138.80846024176
SUR,Suriname,FP.CPI.TOTL.ZG,2024,16.2296159130279
SUR,Suriname,FP.CPI.TOTL.ZG,2023,51.5873159600861
SUR,Suriname,FP.CPI.TOTL.ZG,2022,52.446027276241
SWE,Sweden,FP.CPI.TOTL.ZG,2024,2.83581658224034
SWE,Sweden,FP.CPI.TOTL.ZG,2023,8.5486248974891
SWE,Sweden,FP.CPI.TOTL.ZG,2022,8.36929098869189
CHE,Switzerland,FP.CPI.TOTL.ZG,2024,1.06234041976595
CHE,Switzerland,FP.CPI.TOTL.ZG,2023,2.13540088016387
CHE,Switzerland,FP.CPI.TOTL.ZG,2022,2.83502798644451
SYR,Syrian Arab Republic,FP.CPI.TOTL.ZG,2024,
SYR,Syrian Arab Republic,FP.CPI.TOTL.ZG,2023,
SYR,Syrian Arab Republic,FP.CPI.TOTL.ZG,2022,
TJK,Tajikistan,FP.CPI.TOTL.ZG,2024,
TJK,Tajikistan,FP.CPI.TOTL.ZG,2023,
TJK,Tajikistan,FP.CPI.TOTL.ZG,2022,
TZA,Tanzania,FP.CPI.TOTL.ZG,2024,3.05694676312373
TZA,Tanzania,FP.CPI.TOTL.ZG,2023,3.79923291384916
TZA,Tanzania,FP.CPI.TOTL.ZG,2022,4.35027204269101
THA,Thailand,FP.CPI.TOTL.ZG,2024,0.398333333333422
THA,Thailand,FP.CPI.TOTL.ZG,2023,1.22908986612448
THA,Thailand,FP.CPI.TOTL.ZG,2022,6.07589952842433
TLS,Timor-Leste,FP.CPI.TOTL.ZG,2024,2.06284153005468
TLS,Timor-Leste,FP.CPI.TOTL.ZG,2023,8.42035103310377
TLS,Timor-Leste,FP.CPI.TOTL.ZG,2022,7.00530945399787
TGO,Togo,FP.CPI.TOTL.ZG,2024,2.86262074089801
TGO,Togo,FP.CPI.TOTL.ZG,2023,5.48928568141131
TGO,Togo,FP.CPI.TOTL.ZG,2022,7.96757361617945
TON,Tonga,FP.CPI.TOTL.ZG,2024,3.18188924237472
TON,Tonga,FP.CPI.TOTL.ZG,2023,6.35112980255182
TON,Tonga,FP.CPI.TOTL.ZG,2022,10.9713652903022
TTO,Trinidad and Tobago,FP.CPI.TOTL.ZG,2024,0.526884625776839
TTO,Trinidad and Tobago,FP.CPI.TOTL.ZG,2023,4.62930242419968
TTO,Trinidad and Tobago,FP.CPI.TOTL.ZG,2022,5.82838638517959
TUN,Tunisia,FP.CPI.TOTL.ZG,2024,7.20661657168794
TUN,Tunisia,FP.CPI.TOTL.ZG,2023,9.32899597507865
TUN,Tunisia,FP.CPI.TOTL.ZG,2022,8.30646124447623
TUR,Turkiye,FP.CPI.TOTL.ZG,2024,58.5064507300342
TUR,Turkiye,FP.CPI.TOTL.ZG,2023,53.8594087593315
TUR,Turkiye,FP.CPI.TOTL.ZG,2022,72.3088359891207
TKM,Turkmenistan,FP.CPI.TOTL.ZG,2024,
TKM,Turkmenistan,FP.CPI.TOTL.ZG,2023,
TKM,Turkmenistan,FP.CPI.TOTL.ZG,2022,
TCA,Turks and Caicos Islands,FP.CPI.TOTL.ZG,2024,
TCA,Turks and Caicos Islands,FP.CPI.TOTL.ZG,2023,
TCA,Turks and Caicos Islands,FP.CPI.TOTL.ZG,2022,
TUV,Tuvalu,FP.CPI.TOTL.ZG,2024,
TUV,Tuvalu,FP.CPI.TOTL.ZG,2023,
TUV,Tuvalu,FP.CPI.TOTL.ZG,2022,
UGA,Uganda,FP.CPI.TOTL.ZG,2024,3.32338033691819
UGA,Uganda,FP.CPI.TOTL.ZG,2023,5.35094804280395
UGA,Uganda,FP.CPI.TOTL.ZG,2022,7.1957888597581
UKR,Ukraine,FP.CPI.TOTL.ZG,2024,6.50198464669254
UKR,Ukraine,FP.CPI.TOTL.ZG,2023,12.8490222828559
UKR,Ukraine,FP.CPI.TOTL.ZG,2022,20.1836366617478
ARE,United Arab Emirates,FP.CPI.TOTL.ZG,2024,1.66336510224894
ARE,United Arab Emirates,FP.CPI.TOTL.ZG,2023,1.62670837213248
ARE,United Arab Emirates,FP.CPI.TOTL.ZG,2022,5.29122604376849
GBR,United Kingdom,FP.CPI.TOTL.ZG,2024,3.2715729463592
GBR,United Kingdom,FP.CPI.TOTL.ZG,2023,6.79396706793963
GBR,United Kingdom,FP.CPI.TOTL.ZG,2022,7.92204883147902
USA,United States,FP.CPI.TOTL.ZG,2024,2.94952520485207
USA,United States,FP.CPI.TOTL.ZG,2023,4.11633838374488
USA,United States,FP.CPI.TOTL.ZG,2022,8.00279982052121
URY,Uruguay,FP.CPI.TOTL.ZG,2024,4.84914366613156
URY,Uruguay,FP.CPI.TOTL.ZG,2023,5.86910359896119
URY,Uruguay,FP.CPI.TOTL.ZG,2022,9.10437983075437
UZB,Uzbekistan,FP.CPI.TOTL.ZG,2024,9.62825465956682
UZB,Uzbekistan,FP.CPI.TOTL.ZG,2023,9.95659071258018
UZB,Uzbekistan,FP.CPI.TOTL.ZG,2022,11.4466436998836
VUT,Vanuatu,FP.CPI.TOTL.ZG,2024,1.14348948727412
VUT,Vanuatu,FP.CPI.TOTL.ZG,2023,11.1825017088175
VUT,Vanuatu,FP.CPI.TOTL.ZG,2022,6.67930581887121
VEN,"Venezuela, RB",FP.CPI.TOTL.ZG,2024,
VEN,"Venezuela, RB",FP.CPI.TOTL.ZG,2023,
VEN,"Venezuela, RB",FP.CPI.TOTL.ZG,2022,
VNM,Viet Nam,FP.CPI.TOTL.ZG,2024,3.62109273885844
VNM,Viet Nam,FP.CPI.TOTL.ZG,2023,3.25289282667662
VNM,Viet Nam,FP.CPI.TOTL.ZG,2022,3.15650749963112
VIR,Virgin Islands (U.S.),FP.CPI.TOTL.ZG,2024,
VIR,Virgin Islands (U.S.),FP.CPI.TOTL.ZG,2023,
VIR,Virgin Islands (U.S.),FP.CPI.TOTL.ZG,2022,
PSE,West Bank and Gaza,FP.CPI.TOTL.ZG,2024,53.6691458303782
PSE,West Bank and Gaza,FP.CPI.TOTL.ZG,2023,5.87110177678988
PSE,West Bank and Gaza,FP.CPI.TOTL.ZG,2022,3.74122391852077
YEM,"Yemen, Rep.",FP.CPI.TOTL.ZG,2024,
YEM,"Yemen, Rep.",FP.CPI.TOTL.ZG,2023,
YEM,"Yemen, Rep.",FP.CPI.TOTL.ZG,2022,
ZMB,Zambia,FP.CPI.TOTL.ZG,2024,14.9856262747939
ZMB,Zambia,FP.CPI.TOTL.ZG,2023,10.884531691282
ZMB,Zambia,FP.CPI.TOTL.ZG,2022,10.9932039209136
ZWE,Zimbabwe,FP.CPI.TOTL.ZG,2024,
ZWE,Zimbabwe,FP.CPI.TOTL.ZG,2023,
ZWE,Zimbabwe,FP.CPI.TOTL.ZG,2022,104.705170628667
AFE,Africa Eastern and Southern,SL.UEM.TOTL.ZS,2024,7.57169749274654
AFE,Africa Eastern and Southern,SL.UEM.TOTL.ZS,2023,7.67654773372157
AFE,Africa Eastern and Southern,SL.UEM.TOTL.ZS,2022,7.86947018999245
AFW,Africa Western and Central,SL.UEM.TOTL.ZS,2024,3.17491538811068
AFW,Africa Western and Central,SL.UEM.TOTL.ZS,2023,3.20335496340002
AFW,Africa Western and Central,SL.UEM.TOTL.ZS,2022,3.59653801462938
ARB,Arab World,SL.UEM.TOTL.ZS,2024,9.26592419265215
ARB,Arab World,SL.UEM.TOTL.ZS,2023,9.31338863204988
ARB,Arab World,SL.UEM.TOTL.ZS,2022,9.74413095599936
CSS,Caribbean small states,SL.UEM.TOTL.ZS,2024,7.49180699898505
CSS,Caribbean small states,SL.UEM.TOTL.ZS,2023,7.51281290895946
CSS,Caribbean small states,SL.UEM.TOTL.ZS,2022,8.29867755889038
CEB,Central Europe and the Baltics,SL.UEM.TOTL.ZS,2024,4.00056350955849
CEB,Central Europe and the Baltics,SL.UEM.TOTL.ZS,2023,4.01230416616797
CEB,Central Europe and the Baltics,SL.UEM.TOTL.ZS,2022,3.96540582731722
EAR,Early-demographic dividend,SL.UEM.TOTL.ZS,2024,5.14374777945389
EAR,Early-demographic dividend,SL.UEM.TOTL.ZS,2023,5.11313521249178
EAR,Early-demographic dividend,SL.UEM.TOTL.ZS,2022,5.64296814018676
EAS,East Asia & Pacific,SL.UEM.TOTL.ZS,2024,3.80594106189668
EAS,East Asia & Pacific,SL.UEM.TOTL.ZS,2023,3.86187012642211
EAS,East Asia & Pacific,SL.UEM.TOTL.ZS,2022,4.10032254258298
EAP,East Asia & Pacific (excluding high income),SL.UEM.TOTL.ZS,2024,3.91370991631764
EAP,East Asia & Pacific (excluding high income),SL.UEM.TOTL.ZS,2023,3.97712381690091
EAP,East Asia & Pacific (excluding high income),SL.UEM.TOTL.ZS,2022,4.23491194246921
TEA,East Asia & Pacific (IDA & IBRD countries),SL.UEM.TOTL.ZS,2024,3.91959262359653
TEA,East Asia & Pacific (IDA & IBRD countries),SL.UEM.TOTL.ZS,2023,3.98514803684521
TEA,East Asia & Pacific (IDA & IBRD countries),SL.UEM.TOTL.ZS,2022,4.24711639501186
EMU,Euro area,SL.UEM.TOTL.ZS,2024,6.34778064605911
EMU,Euro area,SL.UEM.TOTL.ZS,2023,6.52267389015226
EMU,Euro area,SL.UEM.TOTL.ZS,2022,6.72976967374639
ECS,Europe & Central Asia,SL.UEM.TOTL.ZS,2024,5.37221817940181
ECS,Europe & Central Asia,SL.UEM.TOTL.ZS,2023,5.55238526456095
ECS,Europe & Central Asia,SL.UEM.TOTL.ZS,2022,5.8460641099346
ECA,Europe & Central Asia (excluding high income),SL.UEM.TOTL.ZS,2024,6.90688667537961
ECA,Europe & Central Asia (excluding high income),SL.UEM.TOTL.ZS,2023,7.17961712726961
ECA,Europe & Central Asia (excluding high income),SL.UEM.TOTL.ZS,2022,7.71538545377934
TEC,Europe & Central Asia (IDA & IBRD countries),SL.UEM.TOTL.ZS,2024,4.71563232155562
TEC,Europe & Central Asia (IDA & IBRD countries),SL.UEM.TOTL.ZS,2023,5.0769631792025
TEC,Europe & Central Asia (IDA & IBRD countries),SL.UEM.TOTL.ZS,2022,5.62584537984402
EUU,European Union,SL.UEM.TOTL.ZS,2024,5.92300803762815
EUU,European Union,SL.UEM.TOTL.ZS,2023,6.02643653344515
EUU,European Union,SL.UEM.TOTL.ZS,2022,6.16137258045926
HPC,Heavily indebted poor countries (HIPC),SL.UEM.TOTL.ZS,2024,4.1513349312603
HPC,Heavily indebted poor countries (HIPC),SL.UEM.TOTL.ZS,2023,4.19910039388827
HPC,Heavily indebted poor countries (HIPC),SL.UEM.TOTL.ZS,2022,4.43373072825994
,High income,SL.UEM.TOTL.ZS,2024,4.36900295139978
,High income,SL.UEM.TOTL.ZS,2023,4.33657934041449
,High income,SL.UEM.TOTL.ZS,2022,4.50967974234969
IBD,IBRD only,SL.UEM.TOTL.ZS,2024,5.02160062447022
IBD,IBRD only,SL.UEM.TOTL.ZS,2023,5.11483631019168
IBD,IBRD only,SL.UEM.TOTL.ZS,2022,5.56994264084484
IBT,IDA & IBRD total,SL.UEM.TOTL.ZS,2024,4.87492589830662
IBT,IDA & IBRD total,SL.UEM.TOTL.ZS,2023,4.95229978677743
IBT,IDA & IBRD total,SL.UEM.TOTL.ZS,2022,5.38688118322023
IDB,IDA blend,SL.UEM.TOTL.ZS,2024,4.43949809013088
IDB,IDA blend,SL.UEM.TOTL.ZS,2023,4.36958257524396
IDB,IDA blend,SL.UEM.TOTL.ZS,2022,4.7445653467311
IDX,IDA only,SL.UEM.TOTL.ZS,2024,4.3967369419449
IDX,IDA only,SL.UEM.TOTL.ZS,2023,4.47548995238531
IDX,IDA only,SL.UEM.TOTL.ZS,2022,4.84575036237372
IDA,IDA total,SL.UEM.TOTL.ZS,2024,4.41260437296088
IDA,IDA total,SL.UEM.TOTL.ZS,2023,4.4365457830767
IDA,IDA total,SL.UEM.TOTL.ZS,2022,4.80930057278539
LTE,Late-demographic dividend,SL.UEM.TOTL.ZS,2024,4.59750117083053
LTE,Late-demographic dividend,SL.UEM.TOTL.ZS,2023,4.795456897897
LTE,Late-demographic dividend,SL.UEM.TOTL.ZS,2022,5.19342173354142
LCN,Latin America & Caribbean,SL.UEM.TOTL.ZS,2024,5.86943289832019
LCN,Latin America & Caribbean,SL.UEM.TOTL.ZS,2023,6.19254754786298
LCN,Latin America & Caribbean,SL.UEM.TOTL.ZS,2022,6.93153207639263
LAC,Latin America & Caribbean (excluding high income),SL.UEM.TOTL.ZS,2024,5.7278348014991
LAC,Latin America & Caribbean (excluding high income),SL.UEM.TOTL.ZS,2023,6.06496995571875
LAC,Latin America & Caribbean (excluding high income),SL.UEM.TOTL.ZS,2022,6.83824311969363
TLA,Latin America & the Caribbean (IDA & IBRD countries),SL.UEM.TOTL.ZS,2024,5.9308852770292
TLA,Latin America & the Caribbean (IDA & IBRD countries),SL.UEM.TOTL.ZS,2023,6.26268991297245
TLA,Latin America & the Caribbean (IDA & IBRD countries),SL.UEM.TOTL.ZS,2022,7.01556949606688
LDC,Least developed countries: UN classification,SL.UEM.TOTL.ZS,2024,4.63280465033072
LDC,Least developed countries: UN classification,SL.UEM.TOTL.ZS,2023,4.70150733081641
LDC,Least developed countries: UN classification,SL.UEM.TOTL.ZS,2022,5.05335918611166
LMY,Low & middle income,SL.UEM.TOTL.ZS,2024,4.91415352193048
LMY,Low & middle income,SL.UEM.TOTL.ZS,2023,4.97693562706687
LMY,Low & middle income,SL.UEM.TOTL.ZS,2022,5.41429545248604
,Low income,SL.UEM.TOTL.ZS,2024,4.89022892217814
,Low income,SL.UEM.TOTL.ZS,2023,5.07474818178355
,Low income,SL.UEM.TOTL.ZS,2022,5.26019458558182
,Lower middle income,SL.UEM.TOTL.ZS,2024,4.47150579245463
,Lower middle income,SL.UEM.TOTL.ZS,2023,4.44638060849243
,Lower middle income,SL.UEM.TOTL.ZS,2022,4.99827575124402
MEA,"Middle East, North Africa, Afghanistan & Pakistan",SL.UEM.TOTL.ZS,2024,7.84018773728947
MEA,"Middle East, North Africa, Afghanistan & Pakistan",SL.UEM.TOTL.ZS,2023,7.79272191834479
MEA,"Middle East, North Africa, Afghanistan & Pakistan",SL.UEM.TOTL.ZS,2022,8.23898776216766
MNA,"Middle East, North Africa, Afghanistan & Pakistan (excluding high income)",SL.UEM.TOTL.ZS,2024,8.70657329890235
MNA,"Middle East, North Africa, Afghanistan & Pakistan (excluding high income)",SL.UEM.TOTL.ZS,2023,8.59209919735259
MNA,"Middle East, North Africa, Afghanistan & Pakistan (excluding high income)",SL.UEM.TOTL.ZS,2022,8.9382675467404
TMN,"Middle East, North Africa, Afghanistan & Pakistan (IDA & IBRD)",SL.UEM.TOTL.ZS,2024,8.70657329890235
TMN,"Middle East, North Africa, Afghanistan & Pakistan (IDA & IBRD)",SL.UEM.TOTL.ZS,2023,8.59209919735259
TMN,"Middle East, North Africa, Afghanistan & Pakistan (IDA & IBRD)",SL.UEM.TOTL.ZS,2022,8.83598059809406
MIC,Middle income,SL.UEM.TOTL.ZS,2024,4.91644475196582
MIC,Middle income,SL.UEM.TOTL.ZS,2023,4.96756774789441
MIC,Middle income,SL.UEM.TOTL.ZS,2022,5.42949094564465
NAC,North America,SL.UEM.TOTL.ZS,2024,4.29029945331562
NAC,North America,SL.UEM.TOTL.ZS,2023,3.8406106523085
NAC,North America,SL.UEM.TOTL.ZS,2022,3.83310095020415
,Not classified,SL.UEM.TOTL.ZS,2024,
,Not classified,SL.UEM.TOTL.ZS,2023,
,Not classified,SL.UEM.TOTL.ZS,2022,
OED,OECD members,SL.UEM.TOTL.ZS,2024,4.90917859417164
OED,OECD members,SL.UEM.TOTL.ZS,2023,4.82631374195204
OED,OECD members,SL.UEM.TOTL.ZS,2022,4.99493064713263
OSS,Other small states,SL.UEM.TOTL.ZS,2024,8.48668976701629
OSS,Other small states,SL.UEM.TOTL.ZS,2023,8.44487902544127
OSS,Other small states,SL.UEM.TOTL.ZS,2022,9.01147513544492
PSS,Pacific island small states,SL.UEM.TOTL.ZS,2024,3.52751412823486
PSS,Pacific island small states,SL.UEM.TOTL.ZS,2023,3.52057525691559
PSS,Pacific island small states,SL.UEM.TOTL.ZS,2022,3.60681620269367
PST,Post-demographic dividend,SL.UEM.TOTL.ZS,2024,4.61212708203082
PST,Post-demographic dividend,SL.UEM.TOTL.ZS,2023,4.46960383607434
PST,Post-demographic dividend,SL.UEM.TOTL.ZS,2022,4.52602226819937
PRE,Pre-demographic dividend,SL.UEM.TOTL.ZS,2024,4.53734249793927
PRE,Pre-demographic dividend,SL.UEM.TOTL.ZS,2023,4.65198898265421
PRE,Pre-demographic dividend,SL.UEM.TOTL.ZS,2022,4.97495099823102
SST,Small states,SL.UEM.TOTL.ZS,2024,7.68067610421584
SST,Small states,SL.UEM.TOTL.ZS,2023,7.66141080204045
SST,Small states,SL.UEM.TOTL.ZS,2022,8.21647080688741
SAS,South Asia,SL.UEM.TOTL.ZS,2024,4.19214668978211
SAS,South Asia,SL.UEM.TOTL.ZS,2023,4.16220090187648
SAS,South Asia,SL.UEM.TOTL.ZS,2022,4.86631704704624
TSA,South Asia (IDA & IBRD),SL.UEM.TOTL.ZS,2024,4.19214668978211
TSA,South Asia (IDA & IBRD),SL.UEM.TOTL.ZS,2023,4.16220090187648
TSA,South Asia (IDA & IBRD),SL.UEM.TOTL.ZS,2022,4.86631704704624
SSF,Sub-Saharan Africa,SL.UEM.TOTL.ZS,2024,5.6711358365663
SSF,Sub-Saharan Africa,SL.UEM.TOTL.ZS,2023,5.76152900751665
SSF,Sub-Saharan Africa,SL.UEM.TOTL.ZS,2022,6.08211610820712
SSA,Sub-Saharan Africa (excluding high income),SL.UEM.TOTL.ZS,2024,5.6711358365663
SSA,Sub-Saharan Africa (excluding high income),SL.UEM.TOTL.ZS,2023,5.76152900751665
SSA,Sub-Saharan Africa (excluding high income),SL.UEM.TOTL.ZS,2022,6.08211610820711
TSS,Sub-Saharan Africa (IDA & IBRD countries),SL.UEM.TOTL.ZS,2024,5.6711358365663
TSS,Sub-Saharan Africa (IDA & IBRD countries),SL.UEM.TOTL.ZS,2023,5.76152900751665
TSS,Sub-Saharan Africa (IDA & IBRD countries),SL.UEM.TOTL.ZS,2022,6.08211610820711
,Upper middle income,SL.UEM.TOTL.ZS,2024,5.26143156011161
,Upper middle income,SL.UEM.TOTL.ZS,2023,5.36297560426889
,Upper middle income,SL.UEM.TOTL.ZS,2022,5.75041485644261
WLD,World,SL.UEM.TOTL.ZS,2024,4.80627976615483
WLD,World,SL.UEM.TOTL.ZS,2023,4.84991713588619
WLD,World,SL.UEM.TOTL.ZS,2022,5.23462796913747
AFG,Afghanistan,SL.UEM.TOTL.ZS,2024,13.687
AFG,Afghanistan,SL.UEM.TOTL.ZS,2023,14.008
AFG,Afghanistan,SL.UEM.TOTL.ZS,2022,14.1
ALB,Albania,SL.UEM.TOTL.ZS,2024,10.689
ALB,Albania,SL.UEM.TOTL.ZS,2023,10.669
ALB,Albania,SL.UEM.TOTL.ZS,2022,10.785
DZA,Algeria,SL.UEM.TOTL.ZS,2024,11.655
DZA,Algeria,SL.UEM.TOTL.ZS,2023,11.645
DZA,Algeria,SL.UEM.TOTL.ZS,2022,12.382
ASM,American Samoa,SL.UEM.TOTL.ZS,2024,
ASM,American Samoa,SL.UEM.TOTL.ZS,2023,
ASM,American Samoa,SL.UEM.TOTL.ZS,2022,
AND,Andorra,SL.UEM.TOTL.ZS,2024,
AND,Andorra,SL.UEM.TOTL.ZS,2023,
AND,Andorra,SL.UEM.TOTL.ZS,2022,
AGO,Angola,SL.UEM.TOTL.ZS,2024,14.02
AGO,Angola,SL.UEM.TOTL.ZS,2023,14.051
AGO,Angola,SL.UEM.TOTL.ZS,2022,14.124
ATG,Antigua and Barbuda,SL.UEM.TOTL.ZS,2024,
ATG,Antigua and Barbuda,SL.UEM.TOTL.ZS,2023,
ATG,Antigua and Barbuda,SL.UEM.TOTL.ZS,2022,
ARG,Argentina,SL.UEM.TOTL.ZS,2024,7.15
ARG,Argentina,SL.UEM.TOTL.ZS,2023,6.139
ARG,Argentina,SL.UEM.TOTL.ZS,2022,6.805
ARM,Armenia,SL.UEM.TOTL.ZS,2024,12.405
ARM,Armenia,SL.UEM.TOTL.ZS,2023,12.405
ARM,Armenia,SL.UEM.TOTL.ZS,2022,13.451
ABW,Aruba,SL.UEM.TOTL.ZS,2024,
ABW,Aruba,SL.UEM.TOTL.ZS,2023,
ABW,Aruba,SL.UEM.TOTL.ZS,2022,
AUS,Australia,SL.UEM.TOTL.ZS,2024,3.942
AUS,Australia,SL.UEM.TOTL.ZS,2023,3.668
AUS,Australia,SL.UEM.TOTL.ZS,2022,3.728
AUT,Austria,SL.UEM.TOTL.ZS,2024,5.2
AUT,Austria,SL.UEM.TOTL.ZS,2023,5.264
AUT,Austria,SL.UEM.TOTL.ZS,2022,4.992
AZE,Azerbaijan,SL.UEM.TOTL.ZS,2024,5.648
AZE,Azerbaijan,SL.UEM.TOTL.ZS,2023,5.64
AZE,Azerbaijan,SL.UEM.TOTL.ZS,2022,5.65
BHS,"Bahamas, The",SL.UEM.TOTL.ZS,2024,9.049
BHS,"Bahamas, The",SL.UEM.TOTL.ZS,2023,8.645
BHS,"Bahamas, The",SL.UEM.TOTL.ZS,2022,9.25
BHR,Bahrain,SL.UEM.TOTL.ZS,2024,1.084
BHR,Bahrain,SL.UEM.TOTL.ZS,2023,1.049
BHR,Bahrain,SL.UEM.TOTL.ZS,2022,1.265
BGD,Bangladesh,SL.UEM.TOTL.ZS,2024,3.635
BGD,Bangladesh,SL.UEM.TOTL.ZS,2023,3.352
BGD,Bangladesh,SL.UEM.TOTL.ZS,2022,4.593
BRB,Barbados,SL.UEM.TOTL.ZS,2024,6.448
BRB,Barbados,SL.UEM.TOTL.ZS,2023,6.54
BRB,Barbados,SL.UEM.TOTL.ZS,2022,7.261
BLR,Belarus,SL.UEM.TOTL.ZS,2024,3.458
BLR,Belarus,SL.UEM.TOTL.ZS,2023,3.461
BLR,Belarus,SL.UEM.TOTL.ZS,2022,3.574
BEL,Belgium,SL.UEM.TOTL.ZS,2024,5.7
BEL,Belgium,SL.UEM.TOTL.ZS,2023,5.547
BEL,Belgium,SL.UEM.TOTL.ZS,2022,5.57
BLZ,Belize,SL.UEM.TOTL.ZS,2024,8.698
BLZ,Belize,SL.UEM.TOTL.ZS,2023,8.278
BLZ,Belize,SL.UEM.TOTL.ZS,2022,8.682
BEN,Benin,SL.UEM.TOTL.ZS,2024,1.637
BEN,Benin,SL.UEM.TOTL.ZS,2023,1.641
BEN,Benin,SL.UEM.TOTL.ZS,2022,1.685
BMU,Bermuda,SL.UEM.TOTL.ZS,2024,
BMU,Bermuda,SL.UEM.TOTL.ZS,2023,
BMU,Bermuda,SL.UEM.TOTL.ZS,2022,
BTN,Bhutan,SL.UEM.TOTL.ZS,2024,3.282
BTN,Bhutan,SL.UEM.TOTL.ZS,2023,3.126
BTN,Bhutan,SL.UEM.TOTL.ZS,2022,5.947
BOL,Bolivia,SL.UEM.TOTL.ZS,2024,3.274
BOL,Bolivia,SL.UEM.TOTL.ZS,2023,3.024
BOL,Bolivia,SL.UEM.TOTL.ZS,2022,3.552
BIH,Bosnia and Herzegovina,SL.UEM.TOTL.ZS,2024,10.69
BIH,Bosnia and Herzegovina,SL.UEM.TOTL.ZS,2023,10.668
BIH,Bosnia and Herzegovina,SL.UEM.TOTL.ZS,2022,12.657
BWA,Botswana,SL.UEM.TOTL.ZS,2024,23.81
BWA,Botswana,SL.UEM.TOTL.ZS,2023,23.381
BWA,Botswana,SL.UEM.TOTL.ZS,2022,23.615
BRA,Brazil,SL.UEM.TOTL.ZS,2024,6.801
BRA,Brazil,SL.UEM.TOTL.ZS,2023,7.947
BRA,Brazil,SL.UEM.TOTL.ZS,2022,9.231
VGB,British Virgin Islands,SL.UEM.TOTL.ZS,2024,
VGB,British Virgin Islands,SL.UEM.TOTL.ZS,2023,
VGB,British Virgin Islands,SL.UEM.TOTL.ZS,2022,
BRN,Brunei Darussalam,SL.UEM.TOTL.ZS,2024,5.18
BRN,Brunei Darussalam,SL.UEM.TOTL.ZS,2023,5.296
BRN,Brunei Darussalam,SL.UEM.TOTL.ZS,2022,5.191
BGR,Bulgaria,SL.UEM.TOTL.ZS,2024,4.2
BGR,Bulgaria,SL.UEM.TOTL.ZS,2023,4.319
BGR,Bulgaria,SL.UEM.TOTL.ZS,2022,4.148
BFA,Burkina Faso,SL.UEM.TOTL.ZS,2024,3.441
BFA,Burkina Faso,SL.UEM.TOTL.ZS,2023,3.601
BFA,Burkina Faso,SL.UEM.TOTL.ZS,2022,3.828
BDI,Burundi,SL.UEM.TOTL.ZS,2024,0.915
BDI,Burundi,SL.UEM.TOTL.ZS,2023,0.911
BDI,Burundi,SL.UEM.TOTL.ZS,2022,0.909
CPV,Cabo Verde,SL.UEM.TOTL.ZS,2024,11.883
CPV,Cabo Verde,SL.UEM.TOTL.ZS,2023,11.882
CPV,Cabo Verde,SL.UEM.TOTL.ZS,2022,12.239
KHM,Cambodia,SL.UEM.TOTL.ZS,2024,0.254
KHM,Cambodia,SL.UEM.TOTL.ZS,2023,0.256
KHM,Cambodia,SL.UEM.TOTL.ZS,2022,0.245
CMR,Cameroon,SL.UEM.TOTL.ZS,2024,3.603
CMR,Cameroon,SL.UEM.TOTL.ZS,2023,3.607
CMR,Cameroon,SL.UEM.TOTL.ZS,2022,3.646
CAN,Canada,SL.UEM.TOTL.ZS,2024,6.351
CAN,Canada,SL.UEM.TOTL.ZS,2023,5.415
CAN,Canada,SL.UEM.TOTL.ZS,2022,5.279
CYM,Cayman Islands,SL.UEM.TOTL.ZS,2024,
CYM,Cayman Islands,SL.UEM.TOTL.ZS,2023,
CYM,Cayman Islands,SL.UEM.TOTL.ZS,2022,
CAF,Central African Republic,SL.UEM.TOTL.ZS,2024,6.253
CAF,Central African Republic,SL.UEM.TOTL.ZS,2023,6.181
CAF,Central African Republic,SL.UEM.TOTL.ZS,2022,6.287
TCD,Chad,SL.UEM.TOTL.ZS,2024,1.053
TCD,Chad,SL.UEM.TOTL.ZS,2023,1.059
TCD,Chad,SL.UEM.TOTL.ZS,2022,1.081
CHI,Channel Islands,SL.UEM.TOTL.ZS,2024,6.031
CHI,Channel Islands,SL.UEM.TOTL.ZS,2023,5.928
CHI,Channel Islands,SL.UEM.TOTL.ZS,2022,5.923
CHL,Chile,SL.UEM.TOTL.ZS,2024,8.718
CHL,Chile,SL.UEM.TOTL.ZS,2023,9.013
CHL,Chile,SL.UEM.TOTL.ZS,2022,8.249
CHN,China,SL.UEM.TOTL.ZS,2024,4.59
CHN,China,SL.UEM.TOTL.ZS,2023,4.67
CHN,China,SL.UEM.TOTL.ZS,2022,4.98
COL,Colombia,SL.UEM.TOTL.ZS,2024,9.619
COL,Colombia,SL.UEM.TOTL.ZS,2023,9.591
COL,Colombia,SL.UEM.TOTL.ZS,2022,10.541
COM,Comoros,SL.UEM.TOTL.ZS,2024,3.815
COM,Comoros,SL.UEM.TOTL.ZS,2023,3.833
COM,Comoros,SL.UEM.TOTL.ZS,2022,3.879
COD,"Congo, Dem. Rep.",SL.UEM.TOTL.ZS,2024,4.421
COD,"Congo, Dem. Rep.",SL.UEM.TOTL.ZS,2023,4.469
COD,"Congo, Dem. Rep.",SL.UEM.TOTL.ZS,2022,4.54
COG,"Congo, Rep.",SL.UEM.TOTL.ZS,2024,19.895
COG,"Congo, Rep.",SL.UEM.TOTL.ZS,2023,19.919
COG,"Congo, Rep.",SL.UEM.TOTL.ZS,2022,20.131
CRI,Costa Rica,SL.UEM.TOTL.ZS,2024,6.936
CRI,Costa Rica,SL.UEM.TOTL.ZS,2023,8.325
CRI,Costa Rica,SL.UEM.TOTL.ZS,2022,11.325
CIV,Cote d'Ivoire,SL.UEM.TOTL.ZS,2024,2.273
CIV,Cote d'Ivoire,SL.UEM.TOTL.ZS,2023,2.263
CIV,Cote d'Ivoire,SL.UEM.TOTL.ZS,2022,2.31
HRV,Croatia,SL.UEM.TOTL.ZS,2024,5.0
HRV,Croatia,SL.UEM.TOTL.ZS,2023,6.121
HRV,Croatia,SL.UEM.TOTL.ZS,2022,6.811
CUB,Cuba,SL.UEM.TOTL.ZS,2024,1.755
CUB,Cuba,SL.UEM.TOTL.ZS,2023,1.73
CUB,Cuba,SL.UEM.TOTL.ZS,2022,1.829
CUW,Curacao,SL.UEM.TOTL.ZS,2024,
CUW,Curacao,SL.UEM.TOTL.ZS,2023,
CUW,Curacao,SL.UEM.TOTL.ZS,2022,
CYP,Cyprus,SL.UEM.TOTL.ZS,2024,4.9
CYP,Cyprus,SL.UEM.TOTL.ZS,2023,5.835
CYP,Cyprus,SL.UEM.TOTL.ZS,2022,6.806
CZE,Czechia,SL.UEM.TOTL.ZS,2024,2.6
CZE,Czechia,SL.UEM.TOTL.ZS,2023,2.579
CZE,Czechia,SL.UEM.TOTL.ZS,2022,2.224
DNK,Denmark,SL.UEM.TOTL.ZS,2024,5.358
DNK,Denmark,SL.UEM.TOTL.ZS,2023,5.094
DNK,Denmark,SL.UEM.TOTL.ZS,2022,4.434
DJI,Djibouti,SL.UEM.TOTL.ZS,2024,26.007
DJI,Djibouti,SL.UEM.TOTL.ZS,2023,26.074
DJI,Djibouti,SL.UEM.TOTL.ZS,2022,26.272
DMA,Dominica,SL.UEM.TOTL.ZS,2024,
DMA,Dominica,SL.UEM.TOTL.ZS,2023,
DMA,Dominica,SL.UEM.TOTL.ZS,2022,
DOM,Dominican Republic,SL.UEM.TOTL.ZS,2024,5.312
DOM,Dominican Republic,SL.UEM.TOTL.ZS,2023,5.555
DOM,Dominican Republic,SL.UEM.TOTL.ZS,2022,5.504
ECU,Ecuador,SL.UEM.TOTL.ZS,2024,3.453
ECU,Ecuador,SL.UEM.TOTL.ZS,2023,3.51
ECU,Ecuador,SL.UEM.TOTL.ZS,2022,3.713
EGY,"Egypt, Arab Rep.",SL.UEM.TOTL.ZS,2024,6.817
EGY,"Egypt, Arab Rep.",SL.UEM.TOTL.ZS,2023,6.753
EGY,"Egypt, Arab Rep.",SL.UEM.TOTL.ZS,2022,6.546
SLV,El Salvador,SL.UEM.TOTL.ZS,2024,3.261
SLV,El Salvador,SL.UEM.TOTL.ZS,2023,2.992
SLV,El Salvador,SL.UEM.TOTL.ZS,2022,2.999
GNQ,Equatorial Guinea,SL.UEM.TOTL.ZS,2024,8.293
GNQ,Equatorial Guinea,SL.UEM.TOTL.ZS,2023,8.218
GNQ,Equatorial Guinea,SL.UEM.TOTL.ZS,2022,8.334
ERI,Eritrea,SL.UEM.TOTL.ZS,2024,5.947
ERI,Eritrea,SL.UEM.TOTL.ZS,2023,5.909
ERI,Eritrea,SL.UEM.TOTL.ZS,2022,6.033
EST,Estonia,SL.UEM.TOTL.ZS,2024,7.6
EST,Estonia,SL.UEM.TOTL.ZS,2023,6.378
EST,Estonia,SL.UEM.TOTL.ZS,2022,5.571
SWZ,Eswatini,SL.UEM.TOTL.ZS,2024,34.643
SWZ,Eswatini,SL.UEM.TOTL.ZS,2023,34.61
SWZ,Eswatini,SL.UEM.TOTL.ZS,2022,36.472
ETH,Ethiopia,SL.UEM.TOTL.ZS,2024,3.357
ETH,Ethiopia,SL.UEM.TOTL.ZS,2023,3.375
ETH,Ethiopia,SL.UEM.TOTL.ZS,2022,3.386
FRO,Faroe Islands,SL.UEM.TOTL.ZS,2024,
FRO,Faroe Islands,SL.UEM.TOTL.ZS,2023,
FRO,Faroe Islands,SL.UEM.TOTL.ZS,2022,
FJI,Fiji,SL.UEM.TOTL.ZS,2024,5.361
FJI,Fiji,SL.UEM.TOTL.ZS,2023,5.316
FJI,Fiji,SL.UEM.TOTL.ZS,2022,5.403
FIN,Finland,SL.UEM.TOTL.ZS,2024,8.4
FIN,Finland,SL.UEM.TOTL.ZS,2023,7.149
FIN,Finland,SL.UEM.TOTL.ZS,2022,6.719
FRA,France,SL.UEM.TOTL.ZS,2024,7.4
FRA,France,SL.UEM.TOTL.ZS,2023,7.335
FRA,France,SL.UEM.TOTL.ZS,2022,7.303
PYF,French Polynesia,SL.UEM.TOTL.ZS,2024,11.613
PYF,French Polynesia,SL.UEM.TOTL.ZS,2023,11.613
PYF,French Polynesia,SL.UEM.TOTL.ZS,2022,11.793
GAB,Gabon,SL.UEM.TOTL.ZS,2024,20.091
GAB,Gabon,SL.UEM.TOTL.ZS,2023,20.161
GAB,Gabon,SL.UEM.TOTL.ZS,2022,20.319
GMB,"Gambia, The",SL.UEM.TOTL.ZS,2024,6.48
GMB,"Gambia, The",SL.UEM.TOTL.ZS,2023,6.479
GMB,"Gambia, The",SL.UEM.TOTL.ZS,2022,6.067
GEO,Georgia,SL.UEM.TOTL.ZS,2024,11.557
GEO,Georgia,SL.UEM.TOTL.ZS,2023,11.549
GEO,Georgia,SL.UEM.TOTL.ZS,2022,11.621
DEU,Germany,SL.UEM.TOTL.ZS,2024,3.4
DEU,Germany,SL.UEM.TOTL.ZS,2023,3.071
DEU,Germany,SL.UEM.TOTL.ZS,2022,3.137
GHA,Ghana,SL.UEM.TOTL.ZS,2024,2.82
GHA,Ghana,SL.UEM.TOTL.ZS,2023,2.829
GHA,Ghana,SL.UEM.TOTL.ZS,2022,2.87
GIB,Gibraltar,SL.UEM.TOTL.ZS,2024,
GIB,Gibraltar,SL.UEM.TOTL.ZS,2023,
GIB,Gibraltar,SL.UEM.TOTL.ZS,2022,
GRC,Greece,SL.UEM.TOTL.ZS,2024,10.02
GRC,Greece,SL.UEM.TOTL.ZS,2023,11.023
GRC,Greece,SL.UEM.TOTL.ZS,2022,12.426
GRL,Greenland,SL.UEM.TOTL.ZS,2024,
GRL,Greenland,SL.UEM.TOTL.ZS,2023,
GRL,Greenland,SL.UEM.TOTL.ZS,2022,
GRD,Grenada,SL.UEM.TOTL.ZS,2024,
GRD,Grenada,SL.UEM.TOTL.ZS,2023,
GRD,Grenada,SL.UEM.TOTL.ZS,2022,
GUM,Guam,SL.UEM.TOTL.ZS,2024,5.252
GUM,Guam,SL.UEM.TOTL.ZS,2023,5.262
GUM,Guam,SL.UEM.TOTL.ZS,2022,5.383
GTM,Guatemala,SL.UEM.TOTL.ZS,2024,2.613
GTM,Guatemala,SL.UEM.TOTL.ZS,2023,2.344
GTM,Guatemala,SL.UEM.TOTL.ZS,2022,3.051
GIN,Guinea,SL.UEM.TOTL.ZS,2024,5.132
GIN,Guinea,SL.UEM.TOTL.ZS,2023,5.141
GIN,Guinea,SL.UEM.TOTL.ZS,2022,5.174
GNB,Guinea-Bissau,SL.UEM.TOTL.ZS,2024,2.647
GNB,Guinea-Bissau,SL.UEM.TOTL.ZS,2023,2.632
GNB,Guinea-Bissau,SL.UEM.TOTL.ZS,2022,2.666
GUY,Guyana,SL.UEM.TOTL.ZS,2024,11.874
GUY,Guyana,SL.UEM.TOTL.ZS,2023,11.917
GUY,Guyana,SL.UEM.TOTL.ZS,2022,11.907
HTI,Haiti,SL.UEM.TOTL.ZS,2024,14.609
HTI,Haiti,SL.UEM.TOTL.ZS,2023,14.459
HTI,Haiti,SL.UEM.TOTL.ZS,2022,14.54
HND,Honduras,SL.UEM.TOTL.ZS,2024,4.91
HND,Honduras,SL.UEM.TOTL.ZS,2023,6.07
HND,Honduras,SL.UEM.TOTL.ZS,2022,8.774
HKG,"Hong Kong SAR, China",SL.UEM.TOTL.ZS,2024,2.988
HKG,"Hong Kong SAR, China",SL.UEM.TOTL.ZS,2023,2.949
HKG,"Hong Kong SAR, China",SL.UEM.TOTL.ZS,2022,4.318
HUN,Hungary,SL.UEM.TOTL.ZS,2024,4.5
HUN,Hungary,SL.UEM.TOTL.ZS,2023,4.096
HUN,Hungary,SL.UEM.TOTL.ZS,2022,3.583
ISL,Iceland,SL.UEM.TOTL.ZS,2024,3.6
ISL,Iceland,SL.UEM.TOTL.ZS,2023,3.518
ISL,Iceland,SL.UEM.TOTL.ZS,2022,3.789
IND,India,SL.UEM.TOTL.ZS,2024,4.173
IND,India,SL.UEM.TOTL.ZS,2023,4.172
IND,India,SL.UEM.TOTL.ZS,2022,4.822
IDN,Indonesia,SL.UEM.TOTL.ZS,2024,3.301
IDN,Indonesia,SL.UEM.TOTL.ZS,2023,3.308
IDN,Indonesia,SL.UEM.TOTL.ZS,2022,3.462
IRN,"Iran, Islamic Rep.",SL.UEM.TOTL.ZS,2024,8.146
IRN,"Iran, Islamic Rep.",SL.UEM.TOTL.ZS,2023,8.129
IRN,"Iran, Islamic Rep.",SL.UEM.TOTL.ZS,2022,9.085
IRQ,Iraq,SL.UEM.TOTL.ZS,2024,15.293
IRQ,Iraq,SL.UEM.TOTL.ZS,2023,15.239
IRQ,Iraq,SL.UEM.TOTL.ZS,2022,15.41
IRL,Ireland,SL.UEM.TOTL.ZS,2024,4.3
IRL,Ireland,SL.UEM.TOTL.ZS,2023,4.243
IRL,Ireland,SL.UEM.TOTL.ZS,2022,4.465
IMN,Isle of Man,SL.UEM.TOTL.ZS,2024,
IMN,Isle of Man,SL.UEM.TOTL.ZS,2023,
IMN,Isle of Man,SL.UEM.TOTL.ZS,2022,
ISR,Israel,SL.UEM.TOTL.ZS,2024,3.595
ISR,Israel,SL.UEM.TOTL.ZS,2023,3.371
ISR,Israel,SL.UEM.TOTL.ZS,2022,3.695
ITA,Italy,SL.UEM.TOTL.ZS,2024,6.5
ITA,Italy,SL.UEM.TOTL.ZS,2023,7.627
ITA,Italy,SL.UEM.TOTL.ZS,2022,8.069
JAM,Jamaica,SL.UEM.TOTL.ZS,2024,3.151
JAM,Jamaica,SL.UEM.TOTL.ZS,2023,3.022
JAM,Jamaica,SL.UEM.TOTL.ZS,2022,4.083
JPN,Japan,SL.UEM.TOTL.ZS,2024,2.5
JPN,Japan,SL.UEM.TOTL.ZS,2023,2.6
JPN,Japan,SL.UEM.TOTL.ZS,2022,2.614
JOR,Jordan,SL.UEM.TOTL.ZS,2024,16.693
JOR,Jordan,SL.UEM.TOTL.ZS,2023,16.62
JOR,Jordan,SL.UEM.TOTL.ZS,2022,18.2
KAZ,Kazakhstan,SL.UEM.TOTL.ZS,2024,4.833
KAZ,Kazakhstan,SL.UEM.TOTL.ZS,2023,4.835
KAZ,Kazakhstan,SL.UEM.TOTL.ZS,2022,4.86
KEN,Kenya,SL.UEM.TOTL.ZS,2024,5.487
KEN,Kenya,SL.UEM.TOTL.ZS,2023,5.409
KEN,Kenya,SL.UEM.TOTL.ZS,2022,5.565
KIR,Kiribati,SL.UEM.TOTL.ZS,2024,
KIR,Kiribati,SL.UEM.TOTL.ZS,2023,
KIR,Kiribati,SL.UEM.TOTL.ZS,2022,
PRK,"Korea, Dem. People's Rep.",SL.UEM.TOTL.ZS,2024,3.539
PRK,"Korea, Dem. People's Rep.",SL.UEM.TOTL.ZS,2023,3.463
PRK,"Korea, Dem. People's Rep.",SL.UEM.TOTL.ZS,2022,3.457
KOR,"Korea, Rep.",SL.UEM.TOTL.ZS,2024,2.784
KOR,"Korea, Rep.",SL.UEM.TOTL.ZS,2023,2.675
KOR,"Korea, Rep.",SL.UEM.TOTL.ZS,2022,2.857
XKX,Kosovo,SL.UEM.TOTL.ZS,2024,
XKX,Kosovo,SL.UEM.TOTL.ZS,2023,
XKX,Kosovo,SL.UEM.TOTL.ZS,2022,
KWT,Kuwait,SL.UEM.TOTL.ZS,2024,2.151
KWT,Kuwait,SL.UEM.TOTL.ZS,2023,2.08
KWT,Kuwait,SL.UEM.TOTL.ZS,2022,2.133
KGZ,Kyrgyz Republic,SL.UEM.TOTL.ZS,2024,3.491
KGZ,Kyrgyz Republic,SL.UEM.TOTL.ZS,2023,3.498
KGZ,Kyrgyz Republic,SL.UEM.TOTL.ZS,2022,4.767
LAO,Lao PDR,SL.UEM.TOTL.ZS,2024,1.174
LAO,Lao PDR,SL.UEM.TOTL.ZS,2023,1.186
LAO,Lao PDR,SL.UEM.TOTL.ZS,2022,1.209
LVA,Latvia,SL.UEM.TOTL.ZS,2024,6.9
LVA,Latvia,SL.UEM.TOTL.ZS,2023,6.465
LVA,Latvia,SL.UEM.TOTL.ZS,2022,6.815
LBN,Lebanon,SL.UEM.TOTL.ZS,2024,
LBN,Lebanon,SL.UEM.TOTL.ZS,2023,10.985
LBN,Lebanon,SL.UEM.TOTL.ZS,2022,11.105
LSO,Lesotho,SL.UEM.TOTL.ZS,2024,16.34
LSO,Lesotho,SL.UEM.TOTL.ZS,2023,16.348
LSO,Lesotho,SL.UEM.TOTL.ZS,2022,16.623
LBR,Liberia,SL.UEM.TOTL.ZS,2024,2.914
LBR,Liberia,SL.UEM.TOTL.ZS,2023,2.905
LBR,Liberia,SL.UEM.TOTL.ZS,2022,2.956
LBY,Libya,SL.UEM.TOTL.ZS,2024,19.085
LBY,Libya,SL.UEM.TOTL.ZS,2023,18.713
LBY,Libya,SL.UEM.TOTL.ZS,2022,19.238
LIE,Liechtenstein,SL.UEM.TOTL.ZS,2024,
LIE,Liechtenstein,SL.UEM.TOTL.ZS,2023,
LIE,Liechtenstein,SL.UEM.TOTL.ZS,2022,
LTU,Lithuania,SL.UEM.TOTL.ZS,2024,6.851
LTU,Lithuania,SL.UEM.TOTL.ZS,2023,6.841
LTU,Lithuania,SL.UEM.TOTL.ZS,2022,5.955
LUX,Luxembourg,SL.UEM.TOTL.ZS,2024,6.4
LUX,Luxembourg,SL.UEM.TOTL.ZS,2023,5.184
LUX,Luxembourg,SL.UEM.TOTL.ZS,2022,4.588
MAC,"Macao SAR, China",SL.UEM.TOTL.ZS,2024,2.262
MAC,"Macao SAR, China",SL.UEM.TOTL.ZS,2023,2.206
MAC,"Macao SAR, China",SL.UEM.TOTL.ZS,2022,2.446
MDG,Madagascar,SL.UEM.TOTL.ZS,2024,3.051
MDG,Madagascar,SL.UEM.TOTL.ZS,2023,3.044
MDG,Madagascar,SL.UEM.TOTL.ZS,2022,3.186
MWI,Malawi,SL.UEM.TOTL.ZS,2024,5.051
MWI,Malawi,SL.UEM.TOTL.ZS,2023,5.009
MWI,Malawi,SL.UEM.TOTL.ZS,2022,5.02
MYS,Malaysia,SL.UEM.TOTL.ZS,2024,3.846
MYS,Malaysia,SL.UEM.TOTL.ZS,2023,3.858
MYS,Malaysia,SL.UEM.TOTL.ZS,2022,3.93
MDV,Maldives,SL.UEM.TOTL.ZS,2024,4.278
MDV,Maldives,SL.UEM.TOTL.ZS,2023,4.019
MDV,Maldives,SL.UEM.TOTL.ZS,2022,4.303
MLI,Mali,SL.UEM.TOTL.ZS,2024,2.924
MLI,Mali,SL.UEM.TOTL.ZS,2023,2.947
MLI,Mali,SL.UEM.TOTL.ZS,2022,2.387
MLT,Malta,SL.UEM.TOTL.ZS,2024,3.1
MLT,Malta,SL.UEM.TOTL.ZS,2023,3.479
MLT,Malta,SL.UEM.TOTL.ZS,2022,3.471
MHL,Marshall Islands,SL.UEM.TOTL.ZS,2024,
MHL,Marshall Islands,SL.UEM.TOTL.ZS,2023,
MHL,Marshall Islands,SL.UEM.TOTL.ZS,2022,
MRT,Mauritania,SL.UEM.TOTL.ZS,2024,10.257
MRT,Mauritania,SL.UEM.TOTL.ZS,2023,10.37
MRT,Mauritania,SL.UEM.TOTL.ZS,2022,10.52
MUS,Mauritius,SL.UEM.TOTL.ZS,2024,5.548
MUS,Mauritius,SL.UEM.TOTL.ZS,2023,5.571
MUS,Mauritius,SL.UEM.TOTL.ZS,2022,6.322
MEX,Mexico,SL.UEM.TOTL.ZS,2024,2.678
MEX,Mexico,SL.UEM.TOTL.ZS,2023,2.765
MEX,Mexico,SL.UEM.TOTL.ZS,2022,3.256
FSM,"Micronesia, Fed. Sts.",SL.UEM.TOTL.ZS,2024,
FSM,"Micronesia, Fed. Sts.",SL.UEM.TOTL.ZS,2023,
FSM,"Micronesia, Fed. Sts.",SL.UEM.TOTL.ZS,2022,
MDA,Moldova,SL.UEM.TOTL.ZS,2024,1.427
MDA,Moldova,SL.UEM.TOTL.ZS,2023,1.57
MDA,Moldova,SL.UEM.TOTL.ZS,2022,0.909
MCO,Monaco,SL.UEM.TOTL.ZS,2024,
MCO,Monaco,SL.UEM.TOTL.ZS,2023,
MCO,Monaco,SL.UEM.TOTL.ZS,2022,
MNG,Mongolia,SL.UEM.TOTL.ZS,2024,5.158
MNG,Mongolia,SL.UEM.TOTL.ZS,2023,5.178
MNG,Mongolia,SL.UEM.TOTL.ZS,2022,5.954
MNE,Montenegro,SL.UEM.TOTL.ZS,2024,13.206
MNE,Montenegro,SL.UEM.TOTL.ZS,2023,13.146
MNE,Montenegro,SL.UEM.TOTL.ZS,2022,14.851
MAR,Morocco,SL.UEM.TOTL.ZS,2024,9.103
MAR,Morocco,SL.UEM.TOTL.ZS,2023,8.896
MAR,Morocco,SL.UEM.TOTL.ZS,2022,9.413
MOZ,Mozambique,SL.UEM.TOTL.ZS,2024,6.668
MOZ,Mozambique,SL.UEM.TOTL.ZS,2023,6.661
MOZ,Mozambique,SL.UEM.TOTL.ZS,2022,6.789
MMR,Myanmar,SL.UEM.TOTL.ZS,2024,2.887
MMR,Myanmar,SL.UEM.TOTL.ZS,2023,2.977
MMR,Myanmar,SL.UEM.TOTL.ZS,2022,3.063
NAM,Namibia,SL.UEM.TOTL.ZS,2024,19.157
NAM,Namibia,SL.UEM.TOTL.ZS,2023,19.154
NAM,Namibia,SL.UEM.TOTL.ZS,2022,19.615
NRU,Naoero,SL.UEM.TOTL.ZS,2024,
NRU,Naoero,SL.UEM.TOTL.ZS,2023,
NRU,Naoero,SL.UEM.TOTL.ZS,2022,
NPL,Nepal,SL.UEM.TOTL.ZS,2024,10.5
NPL,Nepal,SL.UEM.TOTL.ZS,2023,10.437
NPL,Nepal,SL.UEM.TOTL.ZS,2022,10.661
NLD,Netherlands,SL.UEM.TOTL.ZS,2024,3.7
NLD,Netherlands,SL.UEM.TOTL.ZS,2023,3.535
NLD,Netherlands,SL.UEM.TOTL.ZS,2022,3.526
NCL,New Caledonia,SL.UEM.TOTL.ZS,2024,10.991
NCL,New Caledonia,SL.UEM.TOTL.ZS,2023,10.922
NCL,New Caledonia,SL.UEM.TOTL.ZS,2022,10.71
NZL,New Zealand,SL.UEM.TOTL.ZS,2024,4.724
NZL,New Zealand,SL.UEM.TOTL.ZS,2023,3.734
NZL,New Zealand,SL.UEM.TOTL.ZS,2022,3.299
NIC,Nicaragua,SL.UEM.TOTL.ZS,2024,4.98
NIC,Nicaragua,SL.UEM.TOTL.ZS,2023,4.698
NIC,Nicaragua,SL.UEM.TOTL.ZS,2022,4.969
NER,Niger,SL.UEM.TOTL.ZS,2024,0.376
NER,Niger,SL.UEM.TOTL.ZS,2023,0.407
NER,Niger,SL.UEM.TOTL.ZS,2022,0.403
NGA,Nigeria,SL.UEM.TOTL.ZS,2024,3.045
NGA,Nigeria,SL.UEM.TOTL.ZS,2023,3.074
NGA,Nigeria,SL.UEM.TOTL.ZS,2022,3.827
MKD,North Macedonia,SL.UEM.TOTL.ZS,2024,12.265
MKD,North Macedonia,SL.UEM.TOTL.ZS,2023,13.174
MKD,North Macedonia,SL.UEM.TOTL.ZS,2022,14.476
MNP,Northern Mariana Islands,SL.UEM.TOTL.ZS,2024,
MNP,Northern Mariana Islands,SL.UEM.TOTL.ZS,2023,
MNP,Northern Mariana Islands,SL.UEM.TOTL.ZS,2022,
NOR,Norway,SL.UEM.TOTL.ZS,2024,4.0
NOR,Norway,SL.UEM.TOTL.ZS,2023,3.574
NOR,Norway,SL.UEM.TOTL.ZS,2022,3.231
OMN,Oman,SL.UEM.TOTL.ZS,2024,3.203
OMN,Oman,SL.UEM.TOTL.ZS,2023,3.176
OMN,Oman,SL.UEM.TOTL.ZS,2022,3.3
PAK,Pakistan,SL.UEM.TOTL.ZS,2024,5.492
PAK,Pakistan,SL.UEM.TOTL.ZS,2023,5.237
PAK,Pakistan,SL.UEM.TOTL.ZS,2022,5.291
PLW,Palau,SL.UEM.TOTL.ZS,2024,
PLW,Palau,SL.UEM.TOTL.ZS,2023,
PLW,Palau,SL.UEM.TOTL.ZS,2022,
PAN,Panama,SL.UEM.TOTL.ZS,2024,8.451
PAN,Panama,SL.UEM.TOTL.ZS,2023,6.544
PAN,Panama,SL.UEM.TOTL.ZS,2022,8.086
PNG,Papua New Guinea,SL.UEM.TOTL.ZS,2024,2.625
PNG,Papua New Guinea,SL.UEM.TOTL.ZS,2023,2.649
PNG,Papua New Guinea,SL.UEM.TOTL.ZS,2022,2.689
PRY,Paraguay,SL.UEM.TOTL.ZS,2024,5.686
PRY,Paraguay,SL.UEM.TOTL.ZS,2023,5.794
PRY,Paraguay,SL.UEM.TOTL.ZS,2022,6.755
PER,Peru,SL.UEM.TOTL.ZS,2024,5.199
PER,Peru,SL.UEM.TOTL.ZS,2023,4.899
PER,Peru,SL.UEM.TOTL.ZS,2022,4.291
PHL,Philippines,SL.UEM.TOTL.ZS,2024,2.202
PHL,Philippines,SL.UEM.TOTL.ZS,2023,2.2
PHL,Philippines,SL.UEM.TOTL.ZS,2022,2.598
POL,Poland,SL.UEM.TOTL.ZS,2024,2.807
POL,Poland,SL.UEM.TOTL.ZS,2023,2.743
POL,Poland,SL.UEM.TOTL.ZS,2022,2.811
PRT,Portugal,SL.UEM.TOTL.ZS,2024,6.5
PRT,Portugal,SL.UEM.TOTL.ZS,2023,6.498
PRT,Portugal,SL.UEM.TOTL.ZS,2022,6.138
PRI,Puerto Rico (US),SL.UEM.TOTL.ZS,2024,5.639
PRI,Puerto Rico (US),SL.UEM.TOTL.ZS,2023,5.725
PRI,Puerto Rico (US),SL.UEM.TOTL.ZS,2022,6.0
QAT,Qatar,SL.UEM.TOTL.ZS,2024,0.13
QAT,Qatar,SL.UEM.TOTL.ZS,2023,0.13
QAT,Qatar,SL.UEM.TOTL.ZS,2022,0.13
ROU,Romania,SL.UEM.TOTL.ZS,2024,5.4
ROU,Romania,SL.UEM.TOTL.ZS,2023,5.589
ROU,Romania,SL.UEM.TOTL.ZS,2022,5.614
RUS,Russian Federation,SL.UEM.TOTL.ZS,2024,2.43
RUS,Russian Federation,SL.UEM.TOTL.ZS,2023,3.076
RUS,Russian Federation,SL.UEM.TOTL.ZS,2022,3.867
RWA,Rwanda,SL.UEM.TOTL.ZS,2024,11.331
RWA,Rwanda,SL.UEM.TOTL.ZS,2023,12.352
RWA,Rwanda,SL.UEM.TOTL.ZS,2022,15.084
WSM,Samoa,SL.UEM.TOTL.ZS,2024,4.855
WSM,Samoa,SL.UEM.TOTL.ZS,2023,4.92
WSM,Samoa,SL.UEM.TOTL.ZS,2022,5.048
SMR,San Marino,SL.UEM.TOTL.ZS,2024,
SMR,San Marino,SL.UEM.TOTL.ZS,2023,
SMR,San Marino,SL.UEM.TOTL.ZS,2022,
STP,Sao Tome and Principe,SL.UEM.TOTL.ZS,2024,9.057
STP,Sao Tome and Principe,SL.UEM.TOTL.ZS,2023,9.032
STP,Sao Tome and Principe,SL.UEM.TOTL.ZS,2022,8.964
SAU,Saudi Arabia,SL.UEM.TOTL.ZS,2024,3.518
SAU,Saudi Arabia,SL.UEM.TOTL.ZS,2023,4.008
SAU,Saudi Arabia,SL.UEM.TOTL.ZS,2022,5.589
SEN,Senegal,SL.UEM.TOTL.ZS,2024,2.788
SEN,Senegal,SL.UEM.TOTL.ZS,2023,2.784
SEN,Senegal,SL.UEM.TOTL.ZS,2022,2.837
SRB,Serbia,SL.UEM.TOTL.ZS,2024,7.24
SRB,Serbia,SL.UEM.TOTL.ZS,2023,8.268
SRB,Serbia,SL.UEM.TOTL.ZS,2022,8.439
SYC,Seychelles,SL.UEM.TOTL.ZS,2024,
SYC,Seychelles,SL.UEM.TOTL.ZS,2023,
SYC,Seychelles,SL.UEM.TOTL.ZS,2022,
SLE,Sierra Leone,SL.UEM.TOTL.ZS,2024,3.103
SLE,Sierra Leone,SL.UEM.TOTL.ZS,2023,3.092
SLE,Sierra Leone,SL.UEM.TOTL.ZS,2022,3.137
SGP,Singapore,SL.UEM.TOTL.ZS,2024,2.737
SGP,Singapore,SL.UEM.TOTL.ZS,2023,3.444
SGP,Singapore,SL.UEM.TOTL.ZS,2022,3.591
SXM,Sint Maarten (Dutch part),SL.UEM.TOTL.ZS,2024,
SXM,Sint Maarten (Dutch part),SL.UEM.TOTL.ZS,2023,
SXM,Sint Maarten (Dutch part),SL.UEM.TOTL.ZS,2022,
SVK,Slovak Republic,SL.UEM.TOTL.ZS,2024,5.3
SVK,Slovak Republic,SL.UEM.TOTL.ZS,2023,5.843
SVK,Slovak Republic,SL.UEM.TOTL.ZS,2022,6.143
SVN,Slovenia,SL.UEM.TOTL.ZS,2024,3.7
SVN,Slovenia,SL.UEM.TOTL.ZS,2023,3.652
SVN,Slovenia,SL.UEM.TOTL.ZS,2022,4.011
SLB,Solomon Islands,SL.UEM.TOTL.ZS,2024,1.444
SLB,Solomon Islands,SL.UEM.TOTL.ZS,2023,1.443
SLB,Solomon Islands,SL.UEM.TOTL.ZS,2022,1.475
SOM,"Somalia, Fed. Rep.",SL.UEM.TOTL.ZS,2024,18.949
SOM,"Somalia, Fed. Rep.",SL.UEM.TOTL.ZS,2023,18.96
SOM,"Somalia, Fed. Rep.",SL.UEM.TOTL.ZS,2022,19.112
ZAF,South Africa,SL.UEM.TOTL.ZS,2024,32.279
ZAF,South Africa,SL.UEM.TOTL.ZS,2023,32.098
ZAF,South Africa,SL.UEM.TOTL.ZS,2022,33.268
SSD,South Sudan,SL.UEM.TOTL.ZS,2024,
SSD,South Sudan,SL.UEM.TOTL.ZS,2023,12.374
SSD,South Sudan,SL.UEM.TOTL.ZS,2022,12.475
ESP,Spain,SL.UEM.TOTL.ZS,2024,11.4
ESP,Spain,SL.UEM.TOTL.ZS,2023,12.179
ESP,Spain,SL.UEM.TOTL.ZS,2022,13.033
LKA,Sri Lanka,SL.UEM.TOTL.ZS,2024,4.239
LKA,Sri Lanka,SL.UEM.TOTL.ZS,2023,4.528
LKA,Sri Lanka,SL.UEM.TOTL.ZS,2022,4.528
KNA,St. Kitts and Nevis,SL.UEM.TOTL.ZS,2024,
KNA,St. Kitts and Nevis,SL.UEM.TOTL.ZS,2023,
KNA,St. Kitts and Nevis,SL.UEM.TOTL.ZS,2022,
LCA,St. Lucia,SL.UEM.TOTL.ZS,2024,10.199
LCA,St. Lucia,SL.UEM.TOTL.ZS,2023,12.094
LCA,St. Lucia,SL.UEM.TOTL.ZS,2022,15.934
MAF,St. Martin (French part),SL.UEM.TOTL.ZS,2024,
MAF,St. Martin (French part),SL.UEM.TOTL.ZS,2023,
MAF,St. Martin (French part),SL.UEM.TOTL.ZS,2022,
VCT,St. Vincent and the Grenadines,SL.UEM.TOTL.ZS,2024,18.093
VCT,St. Vincent and the Grenadines,SL.UEM.TOTL.ZS,2023,18.348
VCT,St. Vincent and the Grenadines,SL.UEM.TOTL.ZS,2022,19.277
SDN,Sudan,SL.UEM.TOTL.ZS,2024,
SDN,Sudan,SL.UEM.TOTL.ZS,2023,
SDN,Sudan,SL.UEM.TOTL.ZS,2022,7.53
SUR,Suriname,SL.UEM.TOTL.ZS,2024,7.621
SUR,Suriname,SL.UEM.TOTL.ZS,2023,7.699
SUR,Suriname,SL.UEM.TOTL.ZS,2022,7.973
SWE,Sweden,SL.UEM.TOTL.ZS,2024,8.4
SWE,Sweden,SL.UEM.TOTL.ZS,2023,7.611
SWE,Sweden,SL.UEM.TOTL.ZS,2022,7.417
CHE,Switzerland,SL.UEM.TOTL.ZS,2024,4.343
CHE,Switzerland,SL.UEM.TOTL.ZS,2023,4.043
CHE,Switzerland,SL.UEM.TOTL.ZS,2022,4.122
SYR,Syrian Arab Republic,SL.UEM.TOTL.ZS,2024,13.359
SYR,Syrian Arab Republic,SL.UEM.TOTL.ZS,2023,13.27
SYR,Syrian Arab Republic,SL.UEM.TOTL.ZS,2022,13.245
TJK,Tajikistan,SL.UEM.TOTL.ZS,2024,7.041
TJK,Tajikistan,SL.UEM.TOTL.ZS,2023,7.037
TJK,Tajikistan,SL.UEM.TOTL.ZS,2022,7.051
TZA,Tanzania,SL.UEM.TOTL.ZS,2024,1.557
TZA,Tanzania,SL.UEM.TOTL.ZS,2023,1.565
TZA,Tanzania,SL.UEM.TOTL.ZS,2022,1.573
THA,Thailand,SL.UEM.TOTL.ZS,2024,0.781
THA,Thailand,SL.UEM.TOTL.ZS,2023,0.733
THA,Thailand,SL.UEM.TOTL.ZS,2022,0.94
TLS,Timor-Leste,SL.UEM.TOTL.ZS,2024,1.523
TLS,Timor-Leste,SL.UEM.TOTL.ZS,2023,1.525
TLS,Timor-Leste,SL.UEM.TOTL.ZS,2022,1.537
TGO,Togo,SL.UEM.TOTL.ZS,2024,1.948
TGO,Togo,SL.UEM.TOTL.ZS,2023,1.942
TGO,Togo,SL.UEM.TOTL.ZS,2022,1.965
TON,Tonga,SL.UEM.TOTL.ZS,2024,1.965
TON,Tonga,SL.UEM.TOTL.ZS,2023,1.652
TON,Tonga,SL.UEM.TOTL.ZS,2022,2.002
TTO,Trinidad and Tobago,SL.UEM.TOTL.ZS,2024,3.318
TTO,Trinidad and Tobago,SL.UEM.TOTL.ZS,2023,3.361
TTO,Trinidad and Tobago,SL.UEM.TOTL.ZS,2022,4.383
TUN,Tunisia,SL.UEM.TOTL.ZS,2024,15.341
TUN,Tunisia,SL.UEM.TOTL.ZS,2023,15.106
TUN,Tunisia,SL.UEM.TOTL.ZS,2022,15.3
TUR,Turkiye,SL.UEM.TOTL.ZS,2024,8.8
TUR,Turkiye,SL.UEM.TOTL.ZS,2023,9.388
TUR,Turkiye,SL.UEM.TOTL.ZS,2022,10.465
TKM,Turkmenistan,SL.UEM.TOTL.ZS,2024,4.02
TKM,Turkmenistan,SL.UEM.TOTL.ZS,2023,4.007
TKM,Turkmenistan,SL.UEM.TOTL.ZS,2022,4.017
TCA,Turks and Caicos Islands,SL.UEM.TOTL.ZS,2024,
TCA,Turks and Caicos Islands,SL.UEM.TOTL.ZS,2023,
TCA,Turks and Caicos Islands,SL.UEM.TOTL.ZS,2022,
TUV,Tuvalu,SL.UEM.TOTL.ZS,2024,
TUV,Tuvalu,SL.UEM.TOTL.ZS,2023,
TUV,Tuvalu,SL.UEM.TOTL.ZS,2022,
UGA,Uganda,SL.UEM.TOTL.ZS,2024,2.74
UGA,Uganda,SL.UEM.TOTL.ZS,2023,2.754
UGA,Uganda,SL.UEM.TOTL.ZS,2022,2.885
UKR,Ukraine,SL.UEM.TOTL.ZS,2024,
UKR,Ukraine,SL.UEM.TOTL.ZS,2023,
UKR,Ukraine,SL.UEM.TOTL.ZS,2022,
ARE,United Arab Emirates,SL.UEM.TOTL.ZS,2024,2.16
ARE,United Arab Emirates,SL.UEM.TOTL.ZS,2023,2.151
ARE,United Arab Emirates,SL.UEM.TOTL.ZS,2022,2.872
GBR,United Kingdom,SL.UEM.TOTL.ZS,2024,4.361
GBR,United Kingdom,SL.UEM.TOTL.ZS,2023,4.025
GBR,United Kingdom,SL.UEM.TOTL.ZS,2022,3.768
USA,United States,SL.UEM.TOTL.ZS,2024,4.022
USA,United States,SL.UEM.TOTL.ZS,2023,3.638
USA,United States,SL.UEM.TOTL.ZS,2022,3.65
URY,Uruguay,SL.UEM.TOTL.ZS,2024,8.209
URY,Uruguay,SL.UEM.TOTL.ZS,2023,8.355
URY,Uruguay,SL.UEM.TOTL.ZS,2022,7.877
UZB,Uzbekistan,SL.UEM.TOTL.ZS,2024,4.439
UZB,Uzbekistan,SL.UEM.TOTL.ZS,2023,4.434
UZB,Uzbekistan,SL.UEM.TOTL.ZS,2022,4.456
VUT,Vanuatu,SL.UEM.TOTL.ZS,2024,4.988
VUT,Vanuatu,SL.UEM.TOTL.ZS,2023,5.011
VUT,Vanuatu,SL.UEM.TOTL.ZS,2022,5.077
VEN,"Venezuela, RB",SL.UEM.TOTL.ZS,2024,5.321
VEN,"Venezuela, RB",SL.UEM.TOTL.ZS,2023,5.407
VEN,"Venezuela, RB",SL.UEM.TOTL.ZS,2022,5.646
VNM,Viet Nam,SL.UEM.TOTL.ZS,2024,1.602
VNM,Viet Nam,SL.UEM.TOTL.ZS,2023,1.645
VNM,Viet Nam,SL.UEM.TOTL.ZS,2022,1.57
VIR,Virgin Islands (U.S.),SL.UEM.TOTL.ZS,2024,11.423
VIR,Virgin Islands (U.S.),SL.UEM.TOTL.ZS,2023,11.358
VIR,Virgin Islands (U.S.),SL.UEM.TOTL.ZS,2022,12.092
PSE,West Bank and Gaza,SL.UEM.TOTL.ZS,2024,
PSE,West Bank and Gaza,SL.UEM.TOTL.ZS,2023,
PSE,West Bank and Gaza,SL.UEM.TOTL.ZS,2022,24.42
YEM,"Yemen, Rep.",SL.UEM.TOTL.ZS,2024,16.97
YEM,"Yemen, Rep.",SL.UEM.TOTL.ZS,2023,16.944
YEM,"Yemen, Rep.",SL.UEM.TOTL.ZS,2022,17.224
ZMB,Zambia,SL.UEM.TOTL.ZS,2024,5.898
ZMB,Zambia,SL.UEM.TOTL.ZS,2023,5.861
ZMB,Zambia,SL.UEM.TOTL.ZS,2022,5.993
ZWE,Zimbabwe,SL.UEM.TOTL.ZS,2024,9.435
ZWE,Zimbabwe,SL.UEM.TOTL.ZS,2023,9.348
ZWE,Zimbabwe,SL.UEM.TOTL.ZS,2022,10.087
AFE,Africa Eastern and Southern,NE.TRD.GNFS.ZS,2024,54.2032707213253
AFE,Africa Eastern and Southern,NE.TRD.GNFS.ZS,2023,56.2837209179998
AFE,Africa Eastern and Southern,NE.TRD.GNFS.ZS,2022,57.1173763714306
AFW,Africa Western and Central,NE.TRD.GNFS.ZS,2024,
AFW,Africa Western and Central,NE.TRD.GNFS.ZS,2023,
AFW,Africa Western and Central,NE.TRD.GNFS.ZS,2022,
ARB,Arab World,NE.TRD.GNFS.ZS,2024,65.3540912329816
ARB,Arab World,NE.TRD.GNFS.ZS,2023,87.0390451286186
ARB,Arab World,NE.TRD.GNFS.ZS,2022,86.5555785491757
CSS,Caribbean small states,NE.TRD.GNFS.ZS,2024,
CSS,Caribbean small states,NE.TRD.GNFS.ZS,2023,
CSS,Caribbean small states,NE.TRD.GNFS.ZS,2022,
CEB,Central Europe and the Baltics,NE.TRD.GNFS.ZS,2024,116.411463865097
CEB,Central Europe and the Baltics,NE.TRD.GNFS.ZS,2023,123.593323935313
CEB,Central Europe and the Baltics,NE.TRD.GNFS.ZS,2022,139.865222966994
EAR,Early-demographic dividend,NE.TRD.GNFS.ZS,2024,52.0353099458386
EAR,Early-demographic dividend,NE.TRD.GNFS.ZS,2023,53.2990617607256
EAR,Early-demographic dividend,NE.TRD.GNFS.ZS,2022,58.8508086269123
EAS,East Asia & Pacific,NE.TRD.GNFS.ZS,2024,58.3569037736715
EAS,East Asia & Pacific,NE.TRD.GNFS.ZS,2023,57.1466583666313
EAS,East Asia & Pacific,NE.TRD.GNFS.ZS,2022,59.6939018282108
EAP,East Asia & Pacific (excluding high income),NE.TRD.GNFS.ZS,2024,46.5944318064169
EAP,East Asia & Pacific (excluding high income),NE.TRD.GNFS.ZS,2023,45.0719101583305
EAP,East Asia & Pacific (excluding high income),NE.TRD.GNFS.ZS,2022,46.8418898134075
TEA,East Asia & Pacific (IDA & IBRD countries),NE.TRD.GNFS.ZS,2024,46.5969410075874
TEA,East Asia & Pacific (IDA & IBRD countries),NE.TRD.GNFS.ZS,2023,45.0742111093105
TEA,East Asia & Pacific (IDA & IBRD countries),NE.TRD.GNFS.ZS,2022,46.8441335658356
EMU,Euro area,NE.TRD.GNFS.ZS,2024,88.6423241807433
EMU,Euro area,NE.TRD.GNFS.ZS,2023,92.1561685782896
EMU,Euro area,NE.TRD.GNFS.ZS,2022,100.761322940431
ECS,Europe & Central Asia,NE.TRD.GNFS.ZS,2024,82.8433175700461
ECS,Europe & Central Asia,NE.TRD.GNFS.ZS,2023,86.1529497756613
ECS,Europe & Central Asia,NE.TRD.GNFS.ZS,2022,93.4423112505241
ECA,Europe & Central Asia (excluding high income),NE.TRD.GNFS.ZS,2024,64.7847278825453
ECA,Europe & Central Asia (excluding high income),NE.TRD.GNFS.ZS,2023,72.2995707258912
ECA,Europe & Central Asia (excluding high income),NE.TRD.GNFS.ZS,2022,82.1952392128498
TEC,Europe & Central Asia (IDA & IBRD countries),NE.TRD.GNFS.ZS,2024,60.2919957606793
TEC,Europe & Central Asia (IDA & IBRD countries),NE.TRD.GNFS.ZS,2023,65.6593833412684
TEC,Europe & Central Asia (IDA & IBRD countries),NE.TRD.GNFS.ZS,2022,72.6918504065243
EUU,European Union,NE.TRD.GNFS.ZS,2024,91.6412129770423
EUU,European Union,NE.TRD.GNFS.ZS,2023,95.2184322373871
EUU,European Union,NE.TRD.GNFS.ZS,2022,103.704297824246
HPC,Heavily indebted poor countries (HIPC),NE.TRD.GNFS.ZS,2024,51.5872154598548
HPC,Heavily indebted poor countries (HIPC),NE.TRD.GNFS.ZS,2023,52.0229954587253
HPC,Heavily indebted poor countries (HIPC),NE.TRD.GNFS.ZS,2022,55.5523209026046
,High income,NE.TRD.GNFS.ZS,2024,60.5442560961228
,High income,NE.TRD.GNFS.ZS,2023,62.6703695919015
,High income,NE.TRD.GNFS.ZS,2022,66.977248430735
IBD,IBRD only,NE.TRD.GNFS.ZS,2024,49.7665350065376
IBD,IBRD only,NE.TRD.GNFS.ZS,2023,49.7580293079394
IBD,IBRD only,NE.TRD.GNFS.ZS,2022,53.751444616711
IBT,IDA & IBRD total,NE.TRD.GNFS.ZS,2024,49.6374181053919
IBT,IDA & IBRD total,NE.TRD.GNFS.ZS,2023,49.6848537038012
IBT,IDA & IBRD total,NE.TRD.GNFS.ZS,2022,53.6126039380313
IDB,IDA blend,NE.TRD.GNFS.ZS,2024,
IDB,IDA blend,NE.TRD.GNFS.ZS,2023,
IDB,IDA blend,NE.TRD.GNFS.ZS,2022,
IDX,IDA only,NE.TRD.GNFS.ZS,2024,50.9208098591496
IDX,IDA only,NE.TRD.GNFS.ZS,2023,51.770857039518
IDX,IDA only,NE.TRD.GNFS.ZS,2022,54.7122721955176
IDA,IDA total,NE.TRD.GNFS.ZS,2024,47.2468719474343
IDA,IDA total,NE.TRD.GNFS.ZS,2023,48.3344601786916
IDA,IDA total,NE.TRD.GNFS.ZS,2022,51.0580808931251
LTE,Late-demographic dividend,NE.TRD.GNFS.ZS,2024,52.1835999931237
LTE,Late-demographic dividend,NE.TRD.GNFS.ZS,2023,54.729354341428
LTE,Late-demographic dividend,NE.TRD.GNFS.ZS,2022,57.7448694959449
LCN,Latin America & Caribbean,NE.TRD.GNFS.ZS,2024,49.651989177217
LCN,Latin America & Caribbean,NE.TRD.GNFS.ZS,2023,48.7349861200831
LCN,Latin America & Caribbean,NE.TRD.GNFS.ZS,2022,56.0021722062466
LAC,Latin America & Caribbean (excluding high income),NE.TRD.GNFS.ZS,2024,47.6810222439611
LAC,Latin America & Caribbean (excluding high income),NE.TRD.GNFS.ZS,2023,46.6885214236554
LAC,Latin America & Caribbean (excluding high income),NE.TRD.GNFS.ZS,2022,53.6356242101676
TLA,Latin America & the Caribbean (IDA & IBRD countries),NE.TRD.GNFS.ZS,2024,47.8473408046123
TLA,Latin America & the Caribbean (IDA & IBRD countries),NE.TRD.GNFS.ZS,2023,46.8914803379704
TLA,Latin America & the Caribbean (IDA & IBRD countries),NE.TRD.GNFS.ZS,2022,54.712654058513
LDC,Least developed countries: UN classification,NE.TRD.GNFS.ZS,2024,47.1182053512855
LDC,Least developed countries: UN classification,NE.TRD.GNFS.ZS,2023,48.4806753409352
LDC,Least developed countries: UN classification,NE.TRD.GNFS.ZS,2022,51.037908122287
LMY,Low & middle income,NE.TRD.GNFS.ZS,2024,48.857226972032
LMY,Low & middle income,NE.TRD.GNFS.ZS,2023,48.5167070458831
LMY,Low & middle income,NE.TRD.GNFS.ZS,2022,52.0932710272132
,Low income,NE.TRD.GNFS.ZS,2024,48.220197834374
,Low income,NE.TRD.GNFS.ZS,2023,46.6578211263443
,Low income,NE.TRD.GNFS.ZS,2022,49.3144891198727
,Lower middle income,NE.TRD.GNFS.ZS,2024,46.8434698071
,Lower middle income,NE.TRD.GNFS.ZS,2023,48.2387301003735
,Lower middle income,NE.TRD.GNFS.ZS,2022,51.4189423309319
MEA,"Middle East, North Africa, Afghanistan & Pakistan",NE.TRD.GNFS.ZS,2024,61.0598278907482
MEA,"Middle East, North Africa, Afghanistan & Pakistan",NE.TRD.GNFS.ZS,2023,77.2958898928231
MEA,"Middle East, North Africa, Afghanistan & Pakistan",NE.TRD.GNFS.ZS,2022,78.0406746623736
MNA,"Middle East, North Africa, Afghanistan & Pakistan (excluding high income)",NE.TRD.GNFS.ZS,2024,56.0097175246672
MNA,"Middle East, North Africa, Afghanistan & Pakistan (excluding high income)",NE.TRD.GNFS.ZS,2023,56.1774153986252
MNA,"Middle East, North Africa, Afghanistan & Pakistan (excluding high income)",NE.TRD.GNFS.ZS,2022,57.6424669457763
TMN,"Middle East, North Africa, Afghanistan & Pakistan (IDA & IBRD)",NE.TRD.GNFS.ZS,2024,55.8354753976199
TMN,"Middle East, North Africa, Afghanistan & Pakistan (IDA & IBRD)",NE.TRD.GNFS.ZS,2023,55.9898772984083
TMN,"Middle East, North Africa, Afghanistan & Pakistan (IDA & IBRD)",NE.TRD.GNFS.ZS,2022,57.410925835179
MIC,Middle income,NE.TRD.GNFS.ZS,2024,48.8661070059471
MIC,Middle income,NE.TRD.GNFS.ZS,2023,48.5426145637276
MIC,Middle income,NE.TRD.GNFS.ZS,2022,52.1324902381454
NAC,North America,NE.TRD.GNFS.ZS,2024,28.4572777615195
NAC,North America,NE.TRD.GNFS.ZS,2023,28.5011567254601
NAC,North America,NE.TRD.GNFS.ZS,2022,30.3426534884109
,Not classified,NE.TRD.GNFS.ZS,2024,
,Not classified,NE.TRD.GNFS.ZS,2023,
,Not classified,NE.TRD.GNFS.ZS,2022,
OED,OECD members,NE.TRD.GNFS.ZS,2024,56.884203306257
OED,OECD members,NE.TRD.GNFS.ZS,2023,58.0872109260643
OED,OECD members,NE.TRD.GNFS.ZS,2022,62.7210761175953
OSS,Other small states,NE.TRD.GNFS.ZS,2024,147.565086619662
OSS,Other small states,NE.TRD.GNFS.ZS,2023,152.142105318558
OSS,Other small states,NE.TRD.GNFS.ZS,2022,164.282417815032
PSS,Pacific island small states,NE.TRD.GNFS.ZS,2024,107.346037482762
PSS,Pacific island small states,NE.TRD.GNFS.ZS,2023,109.830148087361
PSS,Pacific island small states,NE.TRD.GNFS.ZS,2022,100.616717744541
PST,Post-demographic dividend,NE.TRD.GNFS.ZS,2024,58.8537356684392
PST,Post-demographic dividend,NE.TRD.GNFS.ZS,2023,59.8589012445174
PST,Post-demographic dividend,NE.TRD.GNFS.ZS,2022,64.0136764662262
PRE,Pre-demographic dividend,NE.TRD.GNFS.ZS,2024,
PRE,Pre-demographic dividend,NE.TRD.GNFS.ZS,2023,
PRE,Pre-demographic dividend,NE.TRD.GNFS.ZS,2022,
SST,Small states,NE.TRD.GNFS.ZS,2024,139.812410499294
SST,Small states,NE.TRD.GNFS.ZS,2023,143.741785064328
SST,Small states,NE.TRD.GNFS.ZS,2022,153.293868856844
SAS,South Asia,NE.TRD.GNFS.ZS,2024,44.3926979482562
SAS,South Asia,NE.TRD.GNFS.ZS,2023,45.1297122216899
SAS,South Asia,NE.TRD.GNFS.ZS,2022,49.3870182903706
TSA,South Asia (IDA & IBRD),NE.TRD.GNFS.ZS,2024,44.3926979482562
TSA,South Asia (IDA & IBRD),NE.TRD.GNFS.ZS,2023,45.1297122216899
TSA,South Asia (IDA & IBRD),NE.TRD.GNFS.ZS,2022,49.3870182903706
SSF,Sub-Saharan Africa,NE.TRD.GNFS.ZS,2024,55.6767656030774
SSF,Sub-Saharan Africa,NE.TRD.GNFS.ZS,2023,57.2937339567699
SSF,Sub-Saharan Africa,NE.TRD.GNFS.ZS,2022,58.9994035836065
SSA,Sub-Saharan Africa (excluding high income),NE.TRD.GNFS.ZS,2024,55.5427006162854
SSA,Sub-Saharan Africa (excluding high income),NE.TRD.GNFS.ZS,2023,57.1531452365655
SSA,Sub-Saharan Africa (excluding high income),NE.TRD.GNFS.ZS,2022,58.8521146696301
TSS,Sub-Saharan Africa (IDA & IBRD countries),NE.TRD.GNFS.ZS,2024,55.6767656030774
TSS,Sub-Saharan Africa (IDA & IBRD countries),NE.TRD.GNFS.ZS,2023,57.2937339567699
TSS,Sub-Saharan Africa (IDA & IBRD countries),NE.TRD.GNFS.ZS,2022,58.9994035836065
,Upper middle income,NE.TRD.GNFS.ZS,2024,49.2616599675973
,Upper middle income,NE.TRD.GNFS.ZS,2023,48.6021119364551
,Upper middle income,NE.TRD.GNFS.ZS,2022,52.272195392288
WLD,World,NE.TRD.GNFS.ZS,2024,56.7228465365692
WLD,World,NE.TRD.GNFS.ZS,2023,58.0658951471515
WLD,World,NE.TRD.GNFS.ZS,2022,62.1470721214396
AFG,Afghanistan,NE.TRD.GNFS.ZS,2024,83.763025087768
AFG,Afghanistan,NE.TRD.GNFS.ZS,2023,66.9995780621951
AFG,Afghanistan,NE.TRD.GNFS.ZS,2022,72.8854696086536
ALB,Albania,NE.TRD.GNFS.ZS,2024,79.4546360752224
ALB,Albania,NE.TRD.GNFS.ZS,2023,82.3524933990723
ALB,Albania,NE.TRD.GNFS.ZS,2022,84.6980435944865
DZA,Algeria,NE.TRD.GNFS.ZS,2024,40.1345741170703
DZA,Algeria,NE.TRD.GNFS.ZS,2023,43.7397984507007
DZA,Algeria,NE.TRD.GNFS.ZS,2022,51.1900893683897
ASM,American Samoa,NE.TRD.GNFS.ZS,2024,
ASM,American Samoa,NE.TRD.GNFS.ZS,2023,
ASM,American Samoa,NE.TRD.GNFS.ZS,2022,124.684270952928
AND,Andorra,NE.TRD.GNFS.ZS,2024,
AND,Andorra,NE.TRD.GNFS.ZS,2023,
AND,Andorra,NE.TRD.GNFS.ZS,2022,
AGO,Angola,NE.TRD.GNFS.ZS,2024,49.8489506740963
AGO,Angola,NE.TRD.GNFS.ZS,2023,53.6070126498686
AGO,Angola,NE.TRD.GNFS.ZS,2022,56.5380722280743
ATG,Antigua and Barbuda,NE.TRD.GNFS.ZS,2024,
ATG,Antigua and Barbuda,NE.TRD.GNFS.ZS,2023,
ATG,Antigua and Barbuda,NE.TRD.GNFS.ZS,2022,118.302584056113
ARG,Argentina,NE.TRD.GNFS.ZS,2024,27.929760849367
ARG,Argentina,NE.TRD.GNFS.ZS,2023,26.6769512482215
ARG,Argentina,NE.TRD.GNFS.ZS,2022,31.5801792606256
ARM,Armenia,NE.TRD.GNFS.ZS,2024,150.064726588742
ARM,Armenia,NE.TRD.GNFS.ZS,2023,123.418750077627
ARM,Armenia,NE.TRD.GNFS.ZS,2022,103.878629213508
ABW,Aruba,NE.TRD.GNFS.ZS,2024,164.138645148918
ABW,Aruba,NE.TRD.GNFS.ZS,2023,153.719158343959
ABW,Aruba,NE.TRD.GNFS.ZS,2022,160.558140997897
AUS,Australia,NE.TRD.GNFS.ZS,2024,47.1453811065195
AUS,Australia,NE.TRD.GNFS.ZS,2023,49.044339318428
AUS,Australia,NE.TRD.GNFS.ZS,2022,45.6946418805752
AUT,Austria,NE.TRD.GNFS.ZS,2024,108.825777834405
AUT,Austria,NE.TRD.GNFS.ZS,2023,115.152914822732
AUT,Austria,NE.TRD.GNFS.ZS,2022,123.579578652902
AZE,Azerbaijan,NE.TRD.GNFS.ZS,2024,82.5675246316515
AZE,Azerbaijan,NE.TRD.GNFS.ZS,2023,83.5358861156321
AZE,Azerbaijan,NE.TRD.GNFS.ZS,2022,86.9822732541779
BHS,"Bahamas, The",NE.TRD.GNFS.ZS,2024,79.2424586933455
BHS,"Bahamas, The",NE.TRD.GNFS.ZS,2023,76.5494751592857
BHS,"Bahamas, The",NE.TRD.GNFS.ZS,2022,75.9829601059237
BHR,Bahrain,NE.TRD.GNFS.ZS,2024,157.480869430187
BHR,Bahrain,NE.TRD.GNFS.ZS,2023,157.447854682297
BHR,Bahrain,NE.TRD.GNFS.ZS,2022,167.141241152535
BGD,Bangladesh,NE.TRD.GNFS.ZS,2024,26.7780758040478
BGD,Bangladesh,NE.TRD.GNFS.ZS,2023,30.9829714104596
BGD,Bangladesh,NE.TRD.GNFS.ZS,2022,33.7799672705735
BRB,Barbados,NE.TRD.GNFS.ZS,2024,
BRB,Barbados,NE.TRD.GNFS.ZS,2023,
BRB,Barbados,NE.TRD.GNFS.ZS,2022,
BLR,Belarus,NE.TRD.GNFS.ZS,2024,128.242832314614
BLR,Belarus,NE.TRD.GNFS.ZS,2023,131.584674884961
BLR,Belarus,NE.TRD.GNFS.ZS,2022,120.024207576094
BEL,Belgium,NE.TRD.GNFS.ZS,2024,159.023481148927
BEL,Belgium,NE.TRD.GNFS.ZS,2023,165.987440736442
BEL,Belgium,NE.TRD.GNFS.ZS,2022,191.053418131592
BLZ,Belize,NE.TRD.GNFS.ZS,2024,108.972446521476
BLZ,Belize,NE.TRD.GNFS.ZS,2023,106.400505850771
BLZ,Belize,NE.TRD.GNFS.ZS,2022,107.840250086037
BEN,Benin,NE.TRD.GNFS.ZS,2024,40.6398022401523
BEN,Benin,NE.TRD.GNFS.ZS,2023,44.6631308180211
BEN,Benin,NE.TRD.GNFS.ZS,2022,44.3815928877424
BMU,Bermuda,NE.TRD.GNFS.ZS,2024,80.2060884448408
BMU,Bermuda,NE.TRD.GNFS.ZS,2023,77.6465295570053
BMU,Bermuda,NE.TRD.GNFS.ZS,2022,77.9770526954316
BTN,Bhutan,NE.TRD.GNFS.ZS,2024,79.3625417953324
BTN,Bhutan,NE.TRD.GNFS.ZS,2023,81.7366278539811
BTN,Bhutan,NE.TRD.GNFS.ZS,2022,85.5712165226139
BOL,Bolivia,NE.TRD.GNFS.ZS,2024,46.9778716148403
BOL,Bolivia,NE.TRD.GNFS.ZS,2023,49.6083255594597
BOL,Bolivia,NE.TRD.GNFS.ZS,2022,57.5249335789631
BIH,Bosnia and Herzegovina,NE.TRD.GNFS.ZS,2024,94.7601778509961
BIH,Bosnia and Herzegovina,NE.TRD.GNFS.ZS,2023,99.6330317954442
BIH,Bosnia and Herzegovina,NE.TRD.GNFS.ZS,2022,110.205283719751
BWA,Botswana,NE.TRD.GNFS.ZS,2024,69.4453508747185
BWA,Botswana,NE.TRD.GNFS.ZS,2023,70.1128327324509
BWA,Botswana,NE.TRD.GNFS.ZS,2022,86.0696039867252
BRA,Brazil,NE.TRD.GNFS.ZS,2024,35.5845239386244
BRA,Brazil,NE.TRD.GNFS.ZS,2023,33.6662298301438
BRA,Brazil,NE.TRD.GNFS.ZS,2022,38.8160659763397
VGB,British Virgin Islands,NE.TRD.GNFS.ZS,2024,
VGB,British Virgin Islands,NE.TRD.GNFS.ZS,2023,
VGB,British Virgin Islands,NE.TRD.GNFS.ZS,2022,
BRN,Brunei Darussalam,NE.TRD.GNFS.ZS,2024,132.58743952196
BRN,Brunei Darussalam,NE.TRD.GNFS.ZS,2023,136.86343465048
BRN,Brunei Darussalam,NE.TRD.GNFS.ZS,2022,146.973965879597
BGR,Bulgaria,NE.TRD.GNFS.ZS,2024,110.226317731322
BGR,Bulgaria,NE.TRD.GNFS.ZS,2023,119.899505851916
BGR,Bulgaria,NE.TRD.GNFS.ZS,2022,138.844872770267
BFA,Burkina Faso,NE.TRD.GNFS.ZS,2024,60.492898852298
BFA,Burkina Faso,NE.TRD.GNFS.ZS,2023,63.1530435873964
BFA,Burkina Faso,NE.TRD.GNFS.ZS,2022,67.5202901331655
BDI,Burundi,NE.TRD.GNFS.ZS,2024,
BDI,Burundi,NE.TRD.GNFS.ZS,2023,
BDI,Burundi,NE.TRD.GNFS.ZS,2022,
CPV,Cabo Verde,NE.TRD.GNFS.ZS,2024,96.9022561569006
CPV,Cabo Verde,NE.TRD.GNFS.ZS,2023,95.0324943346692
CPV,Cabo Verde,NE.TRD.GNFS.ZS,2022,96.9941368513357
KHM,Cambodia,NE.TRD.GNFS.ZS,2024,143.447009703011
KHM,Cambodia,NE.TRD.GNFS.ZS,2023,134.206842395931
KHM,Cambodia,NE.TRD.GNFS.ZS,2022,145.873632761406
CMR,Cameroon,NE.TRD.GNFS.ZS,2024,34.4031785915423
CMR,Cameroon,NE.TRD.GNFS.ZS,2023,37.8903321242578
CMR,Cameroon,NE.TRD.GNFS.ZS,2022,41.2866025594679
CAN,Canada,NE.TRD.GNFS.ZS,2024,65.1214987304374
CAN,Canada,NE.TRD.GNFS.ZS,2023,66.5745425015033
CAN,Canada,NE.TRD.GNFS.ZS,2022,66.9531620692051
CYM,Cayman Islands,NE.TRD.GNFS.ZS,2024,
CYM,Cayman Islands,NE.TRD.GNFS.ZS,2023,
CYM,Cayman Islands,NE.TRD.GNFS.ZS,2022,
CAF,Central African Republic,NE.TRD.GNFS.ZS,2024,46.4318999802251
CAF,Central African Republic,NE.TRD.GNFS.ZS,2023,43.480570208358
CAF,Central African Republic,NE.TRD.GNFS.ZS,2022,45.23357000162
TCD,Chad,NE.TRD.GNFS.ZS,2024,44.5559353847423
TCD,Chad,NE.TRD.GNFS.ZS,2023,46.8626488759728
TCD,Chad,NE.TRD.GNFS.ZS,2022,47.9883784319429
CHI,Channel Islands,NE.TRD.GNFS.ZS,2024,
CHI,Channel Islands,NE.TRD.GNFS.ZS,2023,
CHI,Channel Islands,NE.TRD.GNFS.ZS,2022,
CHL,Chile,NE.TRD.GNFS.ZS,2024,63.9577465302563
CHL,Chile,NE.TRD.GNFS.ZS,2023,60.6766444736157
CHL,Chile,NE.TRD.GNFS.ZS,2022,75.2334197533759
CHN,China,NE.TRD.GNFS.ZS,2024,37.9560601372544
CHN,China,NE.TRD.GNFS.ZS,2023,36.7391496938394
CHN,China,NE.TRD.GNFS.ZS,2022,37.512555678171
COL,Colombia,NE.TRD.GNFS.ZS,2024,36.3179938785373
COL,Colombia,NE.TRD.GNFS.ZS,2023,40.1333165322581
COL,Colombia,NE.TRD.GNFS.ZS,2022,48.2826551123359
COM,Comoros,NE.TRD.GNFS.ZS,2024,41.4806352919635
COM,Comoros,NE.TRD.GNFS.ZS,2023,44.4398634497089
COM,Comoros,NE.TRD.GNFS.ZS,2022,50.3887704882382
COD,"Congo, Dem. Rep.",NE.TRD.GNFS.ZS,2024,94.2484870645646
COD,"Congo, Dem. Rep.",NE.TRD.GNFS.ZS,2023,86.7400581798289
COD,"Congo, Dem. Rep.",NE.TRD.GNFS.ZS,2022,85.8221691879958
COG,"Congo, Rep.",NE.TRD.GNFS.ZS,2024,93.1881220839752
COG,"Congo, Rep.",NE.TRD.GNFS.ZS,2023,96.2103944039618
COG,"Congo, Rep.",NE.TRD.GNFS.ZS,2022,98.1613366922001
CRI,Costa Rica,NE.TRD.GNFS.ZS,2024,69.8533786394509
CRI,Costa Rica,NE.TRD.GNFS.ZS,2023,71.4380310340536
CRI,Costa Rica,NE.TRD.GNFS.ZS,2022,79.0523903153884
CIV,Cote d'Ivoire,NE.TRD.GNFS.ZS,2024,51.2649845400983
CIV,Cote d'Ivoire,NE.TRD.GNFS.ZS,2023,48.8170039103332
CIV,Cote d'Ivoire,NE.TRD.GNFS.ZS,2022,52.8663910413483
HRV,Croatia,NE.TRD.GNFS.ZS,2024,104.912403236133
HRV,Croatia,NE.TRD.GNFS.ZS,2023,107.277801631602
HRV,Croatia,NE.TRD.GNFS.ZS,2022,125.410793782261
CUB,Cuba,NE.TRD.GNFS.ZS,2024,124.863238865053
CUB,Cuba,NE.TRD.GNFS.ZS,2023,120.533878427187
CUB,Cuba,NE.TRD.GNFS.ZS,2022,93.8607755890525
CUW,Curacao,NE.TRD.GNFS.ZS,2024,
CUW,Curacao,NE.TRD.GNFS.ZS,2023,
CUW,Curacao,NE.TRD.GNFS.ZS,2022,
CYP,Cyprus,NE.TRD.GNFS.ZS,2024,190.40287092076
CYP,Cyprus,NE.TRD.GNFS.ZS,2023,190.740957956519
CYP,Cyprus,NE.TRD.GNFS.ZS,2022,205.753530252705
CZE,Czechia,NE.TRD.GNFS.ZS,2024,131.466608125579
CZE,Czechia,NE.TRD.GNFS.ZS,2023,131.892598295876
CZE,Czechia,NE.TRD.GNFS.ZS,2022,144.011494109397
DNK,Denmark,NE.TRD.GNFS.ZS,2024,131.765030975207
DNK,Denmark,NE.TRD.GNFS.ZS,2023,129.625337431278
DNK,Denmark,NE.TRD.GNFS.ZS,2022,131.995824909071
DJI,Djibouti,NE.TRD.GNFS.ZS,2024,241.237463098287
DJI,Djibouti,NE.TRD.GNFS.ZS,2023,285.902043800644
DJI,Djibouti,NE.TRD.GNFS.ZS,2022,302.285409231545
DMA,Dominica,NE.TRD.GNFS.ZS,2024,
DMA,Dominica,NE.TRD.GNFS.ZS,2023,
DMA,Dominica,NE.TRD.GNFS.ZS,2022,
DOM,Dominican Republic,NE.TRD.GNFS.ZS,2024,51.7835143952326
DOM,Dominican Republic,NE.TRD.GNFS.ZS,2023,49.8436131764417
DOM,Dominican Republic,NE.TRD.GNFS.ZS,2022,54.3781976712844
ECU,Ecuador,NE.TRD.GNFS.ZS,2024,57.4436448205751
ECU,Ecuador,NE.TRD.GNFS.ZS,2023,57.1626938264309
ECU,Ecuador,NE.TRD.GNFS.ZS,2022,61.880792818786
EGY,"Egypt, Arab Rep.",NE.TRD.GNFS.ZS,2024,39.6007520873733
EGY,"Egypt, Arab Rep.",NE.TRD.GNFS.ZS,2023,40.4504007720031
EGY,"Egypt, Arab Rep.",NE.TRD.GNFS.ZS,2022,36.9831048772713
SLV,El Salvador,NE.TRD.GNFS.ZS,2024,85.6825726575292
SLV,El Salvador,NE.TRD.GNFS.ZS,2023,79.8122651787866
SLV,El Salvador,NE.TRD.GNFS.ZS,2022,88.7011372097555
GNQ,Equatorial Guinea,NE.TRD.GNFS.ZS,2024,74.2894990329407
GNQ,Equatorial Guinea,NE.TRD.GNFS.ZS,2023,60.6886626813037
GNQ,Equatorial Guinea,NE.TRD.GNFS.ZS,2022,81.8130161368099
ERI,Eritrea,NE.TRD.GNFS.ZS,2024,
ERI,Eritrea,NE.TRD.GNFS.ZS,2023,
ERI,Eritrea,NE.TRD.GNFS.ZS,2022,
EST,Estonia,NE.TRD.GNFS.ZS,2024,151.037702410455
EST,Estonia,NE.TRD.GNFS.ZS,2023,154.592617111149
EST,Estonia,NE.TRD.GNFS.ZS,2022,175.68711950524
SWZ,Eswatini,NE.TRD.GNFS.ZS,2024,107.480621053879
SWZ,Eswatini,NE.TRD.GNFS.ZS,2023,99.7246110815617
SWZ,Eswatini,NE.TRD.GNFS.ZS,2022,92.5715871298334
ETH,Ethiopia,NE.TRD.GNFS.ZS,2024,17.4004358586815
ETH,Ethiopia,NE.TRD.GNFS.ZS,2023,20.5982015071406
ETH,Ethiopia,NE.TRD.GNFS.ZS,2022,26.5954996964257
FRO,Faroe Islands,NE.TRD.GNFS.ZS,2024,105.752803037623
FRO,Faroe Islands,NE.TRD.GNFS.ZS,2023,113.336400780359
FRO,Faroe Islands,NE.TRD.GNFS.ZS,2022,122.86334141193
FJI,Fiji,NE.TRD.GNFS.ZS,2024,118.962880886427
FJI,Fiji,NE.TRD.GNFS.ZS,2023,126.282134510517
FJI,Fiji,NE.TRD.GNFS.ZS,2022,119.213746657784
FIN,Finland,NE.TRD.GNFS.ZS,2024,83.4510295550974
FIN,Finland,NE.TRD.GNFS.ZS,2023,85.5141847218915
FIN,Finland,NE.TRD.GNFS.ZS,2022,94.5625340522667
FRA,France,NE.TRD.GNFS.ZS,2024,68.1081875443744
FRA,France,NE.TRD.GNFS.ZS,2023,70.6261450610225
FRA,France,NE.TRD.GNFS.ZS,2022,75.9630077981996
PYF,French Polynesia,NE.TRD.GNFS.ZS,2024,64.4688665693732
PYF,French Polynesia,NE.TRD.GNFS.ZS,2023,71.672203765227
PYF,French Polynesia,NE.TRD.GNFS.ZS,2022,69.5264023221442
GAB,Gabon,NE.TRD.GNFS.ZS,2024,92.0468055146014
GAB,Gabon,NE.TRD.GNFS.ZS,2023,91.4786533179144
GAB,Gabon,NE.TRD.GNFS.ZS,2022,92.0630888496921
GMB,"Gambia, The",NE.TRD.GNFS.ZS,2024,42.1706172080435
GMB,"Gambia, The",NE.TRD.GNFS.ZS,2023,39.9620173467122
GMB,"Gambia, The",NE.TRD.GNFS.ZS,2022,44.7219215369466
GEO,Georgia,NE.TRD.GNFS.ZS,2024,103.456471463024
GEO,Georgia,NE.TRD.GNFS.ZS,2023,107.151179161579
GEO,Georgia,NE.TRD.GNFS.ZS,2022,114.695437688718
DEU,Germany,NE.TRD.GNFS.ZS,2024,79.0907305894936
DEU,Germany,NE.TRD.GNFS.ZS,2023,81.9625483787634
DEU,Germany,NE.TRD.GNFS.ZS,2022,88.7857542130501
GHA,Ghana,NE.TRD.GNFS.ZS,2024,68.9668717609486
GHA,Ghana,NE.TRD.GNFS.ZS,2023,64.3878615301086
GHA,Ghana,NE.TRD.GNFS.ZS,2022,70.1154557937915
GIB,Gibraltar,NE.TRD.GNFS.ZS,2024,
GIB,Gibraltar,NE.TRD.GNFS.ZS,2023,
GIB,Gibraltar,NE.TRD.GNFS.ZS,2022,
GRC,Greece,NE.TRD.GNFS.ZS,2024,89.7765279446168
GRC,Greece,NE.TRD.GNFS.ZS,2023,92.4710882947018
GRC,Greece,NE.TRD.GNFS.ZS,2022,108.121843229922
GRL,Greenland,NE.TRD.GNFS.ZS,2024,
GRL,Greenland,NE.TRD.GNFS.ZS,2023,91.8900994375821
GRL,Greenland,NE.TRD.GNFS.ZS,2022,93.3651328766632
GRD,Grenada,NE.TRD.GNFS.ZS,2024,
GRD,Grenada,NE.TRD.GNFS.ZS,2023,
GRD,Grenada,NE.TRD.GNFS.ZS,2022,
GUM,Guam,NE.TRD.GNFS.ZS,2024,
GUM,Guam,NE.TRD.GNFS.ZS,2023,
GUM,Guam,NE.TRD.GNFS.ZS,2022,71.8668596237337
GTM,Guatemala,NE.TRD.GNFS.ZS,2024,47.3052981448815
GTM,Guatemala,NE.TRD.GNFS.ZS,2023,48.3297978472591
GTM,Guatemala,NE.TRD.GNFS.ZS,2022,54.4490964612191
GIN,Guinea,NE.TRD.GNFS.ZS,2024,97.7778177313259
GIN,Guinea,NE.TRD.GNFS.ZS,2023,95.829526758227
GIN,Guinea,NE.TRD.GNFS.ZS,2022,94.1652726931221
GNB,Guinea-Bissau,NE.TRD.GNFS.ZS,2024,40.3719342566601
GNB,Guinea-Bissau,NE.TRD.GNFS.ZS,2023,42.4351515242076
GNB,Guinea-Bissau,NE.TRD.GNFS.ZS,2022,45.9934723683125
GUY,Guyana,NE.TRD.GNFS.ZS,2024,
GUY,Guyana,NE.TRD.GNFS.ZS,2023,
GUY,Guyana,NE.TRD.GNFS.ZS,2022,
HTI,Haiti,NE.TRD.GNFS.ZS,2024,18.6547617785224
HTI,Haiti,NE.TRD.GNFS.ZS,2023,25.2478984941791
HTI,Haiti,NE.TRD.GNFS.ZS,2022,29.7746074753724
HND,Honduras,NE.TRD.GNFS.ZS,2024,91.6694117874122
HND,Honduras,NE.TRD.GNFS.ZS,2023,98.7919798336365
HND,Honduras,NE.TRD.GNFS.ZS,2022,112.698524913966
HKG,"Hong Kong SAR, China",NE.TRD.GNFS.ZS,2024,359.390663042179
HKG,"Hong Kong SAR, China",NE.TRD.GNFS.ZS,2023,353.194608900413
HKG,"Hong Kong SAR, China",NE.TRD.GNFS.ZS,2022,384.885909968308
HUN,Hungary,NE.TRD.GNFS.ZS,2024,147.926666538068
HUN,Hungary,NE.TRD.GNFS.ZS,2023,158.618825607913
HUN,Hungary,NE.TRD.GNFS.ZS,2022,184.969952581351
ISL,Iceland,NE.TRD.GNFS.ZS,2024,86.1815792789281
ISL,Iceland,NE.TRD.GNFS.ZS,2023,87.2388810922276
ISL,Iceland,NE.TRD.GNFS.ZS,2022,93.0164295134303
IND,India,NE.TRD.GNFS.ZS,2024,45.9166907678748
IND,India,NE.TRD.GNFS.ZS,2023,46.3229520582338
IND,India,NE.TRD.GNFS.ZS,2022,50.6979382758042
IDN,Indonesia,NE.TRD.GNFS.ZS,2024,42.809937870822
IDN,Indonesia,NE.TRD.GNFS.ZS,2023,41.4604765447233
IDN,Indonesia,NE.TRD.GNFS.ZS,2022,45.4646701959453
IRN,"Iran, Islamic Rep.",NE.TRD.GNFS.ZS,2024,52.0621306794348
IRN,"Iran, Islamic Rep.",NE.TRD.GNFS.ZS,2023,49.3935500960203
IRN,"Iran, Islamic Rep.",NE.TRD.GNFS.ZS,2022,48.9183508223052
IRQ,Iraq,NE.TRD.GNFS.ZS,2024,77.1389393108395
IRQ,Iraq,NE.TRD.GNFS.ZS,2023,69.4613207990167
IRQ,Iraq,NE.TRD.GNFS.ZS,2022,68.75879409409
IRL,Ireland,NE.TRD.GNFS.ZS,2024,246.169874857401
IRL,Ireland,NE.TRD.GNFS.ZS,2023,239.649627585111
IRL,Ireland,NE.TRD.GNFS.ZS,2022,237.755419559378
IMN,Isle of Man,NE.TRD.GNFS.ZS,2024,
IMN,Isle of Man,NE.TRD.GNFS.ZS,2023,
IMN,Isle of Man,NE.TRD.GNFS.ZS,2022,
ISR,Israel,NE.TRD.GNFS.ZS,2024,54.3822563777332
ISR,Israel,NE.TRD.GNFS.ZS,2023,57.977782328645
ISR,Israel,NE.TRD.GNFS.ZS,2022,60.6358428266501
ITA,Italy,NE.TRD.GNFS.ZS,2024,62.5926144915658
ITA,Italy,NE.TRD.GNFS.ZS,2023,65.1028419441908
ITA,Italy,NE.TRD.GNFS.ZS,2022,72.0165023032697
JAM,Jamaica,NE.TRD.GNFS.ZS,2024,
JAM,Jamaica,NE.TRD.GNFS.ZS,2023,
JAM,Jamaica,NE.TRD.GNFS.ZS,2022,
JPN,Japan,NE.TRD.GNFS.ZS,2024,44.8529388577573
JPN,Japan,NE.TRD.GNFS.ZS,2023,43.5950833802735
JPN,Japan,NE.TRD.GNFS.ZS,2022,44.86063102004
JOR,Jordan,NE.TRD.GNFS.ZS,2024,
JOR,Jordan,NE.TRD.GNFS.ZS,2023,
JOR,Jordan,NE.TRD.GNFS.ZS,2022,
KAZ,Kazakhstan,NE.TRD.GNFS.ZS,2024,57.1613431963924
KAZ,Kazakhstan,NE.TRD.GNFS.ZS,2023,62.3342837675021
KAZ,Kazakhstan,NE.TRD.GNFS.ZS,2022,68.3343147415612
KEN,Kenya,NE.TRD.GNFS.ZS,2024,40.0062529666939
KEN,Kenya,NE.TRD.GNFS.ZS,2023,40.9337677377556
KEN,Kenya,NE.TRD.GNFS.ZS,2022,40.2753238373561
KIR,Kiribati,NE.TRD.GNFS.ZS,2024,102.110426164684
KIR,Kiribati,NE.TRD.GNFS.ZS,2023,106.479772480068
KIR,Kiribati,NE.TRD.GNFS.ZS,2022,107.219771673316
PRK,"Korea, Dem. People's Rep.",NE.TRD.GNFS.ZS,2024,
PRK,"Korea, Dem. People's Rep.",NE.TRD.GNFS.ZS,2023,
PRK,"Korea, Dem. People's Rep.",NE.TRD.GNFS.ZS,2022,
KOR,"Korea, Rep.",NE.TRD.GNFS.ZS,2024,84.6424951192038
KOR,"Korea, Rep.",NE.TRD.GNFS.ZS,2023,82.2580090716629
KOR,"Korea, Rep.",NE.TRD.GNFS.ZS,2022,90.5851475278549
XKX,Kosovo,NE.TRD.GNFS.ZS,2024,113.789651964133
XKX,Kosovo,NE.TRD.GNFS.ZS,2023,109.951851577902
XKX,Kosovo,NE.TRD.GNFS.ZS,2022,110.012031619226
KWT,Kuwait,NE.TRD.GNFS.ZS,2024,93.9909162684119
KWT,Kuwait,NE.TRD.GNFS.ZS,2023,96.0343509693162
KWT,Kuwait,NE.TRD.GNFS.ZS,2022,90.9188102023425
KGZ,Kyrgyz Republic,NE.TRD.GNFS.ZS,2024,130.100743509033
KGZ,Kyrgyz Republic,NE.TRD.GNFS.ZS,2023,132.373403912336
KGZ,Kyrgyz Republic,NE.TRD.GNFS.ZS,2022,133.786718048766
LAO,Lao PDR,NE.TRD.GNFS.ZS,2024,
LAO,Lao PDR,NE.TRD.GNFS.ZS,2023,
LAO,Lao PDR,NE.TRD.GNFS.ZS,2022,
LVA,Latvia,NE.TRD.GNFS.ZS,2024,131.309582395769
LVA,Latvia,NE.TRD.GNFS.ZS,2023,135.642989154266
LVA,Latvia,NE.TRD.GNFS.ZS,2022,159.892778190649
LBN,Lebanon,NE.TRD.GNFS.ZS,2024,82.2323604617121
LBN,Lebanon,NE.TRD.GNFS.ZS,2023,104.206410069182
LBN,Lebanon,NE.TRD.GNFS.ZS,2022,114.888278265666
LSO,Lesotho,NE.TRD.GNFS.ZS,2024,152.474389103105
LSO,Lesotho,NE.TRD.GNFS.ZS,2023,140.722487877528
LSO,Lesotho,NE.TRD.GNFS.ZS,2022,142.373981074229
LBR,Liberia,NE.TRD.GNFS.ZS,2024,
LBR,Liberia,NE.TRD.GNFS.ZS,2023,
LBR,Liberia,NE.TRD.GNFS.ZS,2022,
LBY,Libya,NE.TRD.GNFS.ZS,2024,137.511130687153
LBY,Libya,NE.TRD.GNFS.ZS,2023,161.070232609722
LBY,Libya,NE.TRD.GNFS.ZS,2022,156.321684682347
LIE,Liechtenstein,NE.TRD.GNFS.ZS,2024,
LIE,Liechtenstein,NE.TRD.GNFS.ZS,2023,
LIE,Liechtenstein,NE.TRD.GNFS.ZS,2022,
LTU,Lithuania,NE.TRD.GNFS.ZS,2024,142.41991022479
LTU,Lithuania,NE.TRD.GNFS.ZS,2023,147.990751776428
LTU,Lithuania,NE.TRD.GNFS.ZS,2022,176.631817072239
LUX,Luxembourg,NE.TRD.GNFS.ZS,2024,351.267921153192
LUX,Luxembourg,NE.TRD.GNFS.ZS,2023,402.566968197345
LUX,Luxembourg,NE.TRD.GNFS.ZS,2022,412.177169924175
MAC,"Macao SAR, China",NE.TRD.GNFS.ZS,2024,142.07943455076
MAC,"Macao SAR, China",NE.TRD.GNFS.ZS,2023,145.874467252327
MAC,"Macao SAR, China",NE.TRD.GNFS.ZS,2022,170.368049338506
MDG,Madagascar,NE.TRD.GNFS.ZS,2024,57.5370213293734
MDG,Madagascar,NE.TRD.GNFS.ZS,2023,62.7622147594312
MDG,Madagascar,NE.TRD.GNFS.ZS,2022,70.4708546790091
MWI,Malawi,NE.TRD.GNFS.ZS,2024,41.9038196485235
MWI,Malawi,NE.TRD.GNFS.ZS,2023,42.4376683990967
MWI,Malawi,NE.TRD.GNFS.ZS,2022,43.616624856781
MYS,Malaysia,NE.TRD.GNFS.ZS,2024,137.362571161559
MYS,Malaysia,NE.TRD.GNFS.ZS,2023,132.593461641599
MYS,Malaysia,NE.TRD.GNFS.ZS,2022,146.424604753908
MDV,Maldives,NE.TRD.GNFS.ZS,2024,156.473955741011
MDV,Maldives,NE.TRD.GNFS.ZS,2023,149.349976177434
MDV,Maldives,NE.TRD.GNFS.ZS,2022,162.243432933656
MLI,Mali,NE.TRD.GNFS.ZS,2024,49.7664846904175
MLI,Mali,NE.TRD.GNFS.ZS,2023,57.6291572269296
MLI,Mali,NE.TRD.GNFS.ZS,2022,61.5613274861987
MLT,Malta,NE.TRD.GNFS.ZS,2024,217.730272683658
MLT,Malta,NE.TRD.GNFS.ZS,2023,221.133296375593
MLT,Malta,NE.TRD.GNFS.ZS,2022,244.581535518883
MHL,Marshall Islands,NE.TRD.GNFS.ZS,2024,118.245614035088
MHL,Marshall Islands,NE.TRD.GNFS.ZS,2023,118.181818181818
MHL,Marshall Islands,NE.TRD.GNFS.ZS,2022,128.337974710453
MRT,Mauritania,NE.TRD.GNFS.ZS,2024,93.5988355881472
MRT,Mauritania,NE.TRD.GNFS.ZS,2023,92.1654445146742
MRT,Mauritania,NE.TRD.GNFS.ZS,2022,102.025899125696
MUS,Mauritius,NE.TRD.GNFS.ZS,2024,145.419812647383
MUS,Mauritius,NE.TRD.GNFS.ZS,2023,147.321392128852
MUS,Mauritius,NE.TRD.GNFS.ZS,2022,147.663795034012
MEX,Mexico,NE.TRD.GNFS.ZS,2024,75.4259015415068
MEX,Mexico,NE.TRD.GNFS.ZS,2023,73.7390758255664
MEX,Mexico,NE.TRD.GNFS.ZS,2022,88.7984855897261
FSM,"Micronesia, Fed. Sts.",NE.TRD.GNFS.ZS,2024,96.4413755948864
FSM,"Micronesia, Fed. Sts.",NE.TRD.GNFS.ZS,2023,95.2648407722683
FSM,"Micronesia, Fed. Sts.",NE.TRD.GNFS.ZS,2022,104.760485019371
MDA,Moldova,NE.TRD.GNFS.ZS,2024,88.8924378793564
MDA,Moldova,NE.TRD.GNFS.ZS,2023,93.9946211488052
MDA,Moldova,NE.TRD.GNFS.ZS,2022,112.117671579766
MCO,Monaco,NE.TRD.GNFS.ZS,2024,
MCO,Monaco,NE.TRD.GNFS.ZS,2023,
MCO,Monaco,NE.TRD.GNFS.ZS,2022,
MNG,Mongolia,NE.TRD.GNFS.ZS,2024,138.448379141249
MNG,Mongolia,NE.TRD.GNFS.ZS,2023,142.864246599181
MNG,Mongolia,NE.TRD.GNFS.ZS,2022,136.327929944516
MNE,Montenegro,NE.TRD.GNFS.ZS,2024,109.944104480975
MNE,Montenegro,NE.TRD.GNFS.ZS,2023,116.806669538329
MNE,Montenegro,NE.TRD.GNFS.ZS,2022,125.455937754994
MAR,Morocco,NE.TRD.GNFS.ZS,2024,92.1872446062404
MAR,Morocco,NE.TRD.GNFS.ZS,2023,93.1178844179777
MAR,Morocco,NE.TRD.GNFS.ZS,2022,100.906310201651
MOZ,Mozambique,NE.TRD.GNFS.ZS,2024,95.6303976635291
MOZ,Mozambique,NE.TRD.GNFS.ZS,2023,106.026083626657
MOZ,Mozambique,NE.TRD.GNFS.ZS,2022,135.274535098995
MMR,Myanmar,NE.TRD.GNFS.ZS,2024,
MMR,Myanmar,NE.TRD.GNFS.ZS,2023,
MMR,Myanmar,NE.TRD.GNFS.ZS,2022,
NAM,Namibia,NE.TRD.GNFS.ZS,2024,108.00119146619
NAM,Namibia,NE.TRD.GNFS.ZS,2023,109.8175996703
NAM,Namibia,NE.TRD.GNFS.ZS,2022,99.2625547814064
NRU,Naoero,NE.TRD.GNFS.ZS,2024,160.546875
NRU,Naoero,NE.TRD.GNFS.ZS,2023,135.0
NRU,Naoero,NE.TRD.GNFS.ZS,2022,141.129076305221
NPL,Nepal,NE.TRD.GNFS.ZS,2024,40.1700101626853
NPL,Nepal,NE.TRD.GNFS.ZS,2023,41.5701502932467
NPL,Nepal,NE.TRD.GNFS.ZS,2022,48.9734014800201
NLD,Netherlands,NE.TRD.GNFS.ZS,2024,153.956290574682
NLD,Netherlands,NE.TRD.GNFS.ZS,2023,165.030429478933
NLD,Netherlands,NE.TRD.GNFS.ZS,2022,184.107484252682
NCL,New Caledonia,NE.TRD.GNFS.ZS,2024,40.3689577306469
NCL,New Caledonia,NE.TRD.GNFS.ZS,2023,51.6307347217069
NCL,New Caledonia,NE.TRD.GNFS.ZS,2022,50.4727487454212
NZL,New Zealand,NE.TRD.GNFS.ZS,2024,50.6607664427853
NZL,New Zealand,NE.TRD.GNFS.ZS,2023,49.8655041498497
NZL,New Zealand,NE.TRD.GNFS.ZS,2022,53.2091433736439
NIC,Nicaragua,NE.TRD.GNFS.ZS,2024,99.146065089948
NIC,Nicaragua,NE.TRD.GNFS.ZS,2023,105.019535579852
NIC,Nicaragua,NE.TRD.GNFS.ZS,2022,115.454670931919
NER,Niger,NE.TRD.GNFS.ZS,2024,24.388946208843
NER,Niger,NE.TRD.GNFS.ZS,2023,30.7176535069056
NER,Niger,NE.TRD.GNFS.ZS,2022,37.1460454100715
NGA,Nigeria,NE.TRD.GNFS.ZS,2024,
NGA,Nigeria,NE.TRD.GNFS.ZS,2023,
NGA,Nigeria,NE.TRD.GNFS.ZS,2022,
MKD,North Macedonia,NE.TRD.GNFS.ZS,2024,136.324876175556
MKD,North Macedonia,NE.TRD.GNFS.ZS,2023,147.79425348309
MKD,North Macedonia,NE.TRD.GNFS.ZS,2022,166.147357379878
MNP,Northern Mariana Islands,NE.TRD.GNFS.ZS,2024,
MNP,Northern Mariana Islands,NE.TRD.GNFS.ZS,2023,
MNP,Northern Mariana Islands,NE.TRD.GNFS.ZS,2022,93.1569343065693
NOR,Norway,NE.TRD.GNFS.ZS,2024,79.5796368227724
NOR,Norway,NE.TRD.GNFS.ZS,2023,77.401189583706
NOR,Norway,NE.TRD.GNFS.ZS,2022,79.9216011363033
OMN,Oman,NE.TRD.GNFS.ZS,2024,114.852671596819
OMN,Oman,NE.TRD.GNFS.ZS,2023,106.446731102604
OMN,Oman,NE.TRD.GNFS.ZS,2022,105.745009280655
PAK,Pakistan,NE.TRD.GNFS.ZS,2024,27.5653309105795
PAK,Pakistan,NE.TRD.GNFS.ZS,2023,28.4676925469837
PAK,Pakistan,NE.TRD.GNFS.ZS,2022,33.031353478032
PLW,Palau,NE.TRD.GNFS.ZS,2024,105.811955583144
PLW,Palau,NE.TRD.GNFS.ZS,2023,106.757623549153
PLW,Palau,NE.TRD.GNFS.ZS,2022,103.651854764975
PAN,Panama,NE.TRD.GNFS.ZS,2024,83.6737788620216
PAN,Panama,NE.TRD.GNFS.ZS,2023,88.3489105169795
PAN,Panama,NE.TRD.GNFS.ZS,2022,93.4752688552496
PNG,Papua New Guinea,NE.TRD.GNFS.ZS,2024,
PNG,Papua New Guinea,NE.TRD.GNFS.ZS,2023,
PNG,Papua New Guinea,NE.TRD.GNFS.ZS,2022,
PRY,Paraguay,NE.TRD.GNFS.ZS,2024,77.0944384539197
PRY,Paraguay,NE.TRD.GNFS.ZS,2023,82.5777252296516
PRY,Paraguay,NE.TRD.GNFS.ZS,2022,73.8736311444119
PER,Peru,NE.TRD.GNFS.ZS,2024,51.6811479870417
PER,Peru,NE.TRD.GNFS.ZS,2023,50.9070307213493
PER,Peru,NE.TRD.GNFS.ZS,2022,57.2727003111939
PHL,Philippines,NE.TRD.GNFS.ZS,2024,65.8637883882752
PHL,Philippines,NE.TRD.GNFS.ZS,2023,67.4199693171606
PHL,Philippines,NE.TRD.GNFS.ZS,2022,72.4296836107599
POL,Poland,NE.TRD.GNFS.ZS,2024,100.359442847164
POL,Poland,NE.TRD.GNFS.ZS,2023,110.024935041815
POL,Poland,NE.TRD.GNFS.ZS,2022,123.021332860345
PRT,Portugal,NE.TRD.GNFS.ZS,2024,89.6615637070518
PRT,Portugal,NE.TRD.GNFS.ZS,2023,93.1358537072038
PRT,Portugal,NE.TRD.GNFS.ZS,2022,101.364146479435
PRI,Puerto Rico (US),NE.TRD.GNFS.ZS,2024,94.6225085555605
PRI,Puerto Rico (US),NE.TRD.GNFS.ZS,2023,101.657550951677
PRI,Puerto Rico (US),NE.TRD.GNFS.ZS,2022,98.2564691765992
QAT,Qatar,NE.TRD.GNFS.ZS,2024,
QAT,Qatar,NE.TRD.GNFS.ZS,2023,
QAT,Qatar,NE.TRD.GNFS.ZS,2022,100.213647199618
ROU,Romania,NE.TRD.GNFS.ZS,2024,77.2149837939003
ROU,Romania,NE.TRD.GNFS.ZS,2023,83.3753324062231
ROU,Romania,NE.TRD.GNFS.ZS,2022,93.9496509383447
RUS,Russian Federation,NE.TRD.GNFS.ZS,2024,39.4184058815423
RUS,Russian Federation,NE.TRD.GNFS.ZS,2023,41.3395116492933
RUS,Russian Federation,NE.TRD.GNFS.ZS,2022,42.7663082313349
RWA,Rwanda,NE.TRD.GNFS.ZS,2024,71.6868069548772
RWA,Rwanda,NE.TRD.GNFS.ZS,2023,66.8925839339472
RWA,Rwanda,NE.TRD.GNFS.ZS,2022,60.9591709408266
WSM,Samoa,NE.TRD.GNFS.ZS,2024,79.5241475635456
WSM,Samoa,NE.TRD.GNFS.ZS,2023,80.8405125709078
WSM,Samoa,NE.TRD.GNFS.ZS,2022,60.8477789845035
SMR,San Marino,NE.TRD.GNFS.ZS,2024,
SMR,San Marino,NE.TRD.GNFS.ZS,2023,340.983400117352
SMR,San Marino,NE.TRD.GNFS.ZS,2022,370.43607698812
STP,Sao Tome and Principe,NE.TRD.GNFS.ZS,2024,44.2789124818003
STP,Sao Tome and Principe,NE.TRD.GNFS.ZS,2023,46.9745787336632
STP,Sao Tome and Principe,NE.TRD.GNFS.ZS,2022,64.9920379103896
SAU,Saudi Arabia,NE.TRD.GNFS.ZS,2024,56.4049374147889
SAU,Saudi Arabia,NE.TRD.GNFS.ZS,2023,55.7974682325487
SAU,Saudi Arabia,NE.TRD.GNFS.ZS,2022,56.8241647749332
SEN,Senegal,NE.TRD.GNFS.ZS,2024,68.2363510312865
SEN,Senegal,NE.TRD.GNFS.ZS,2023,71.5942815846823
SEN,Senegal,NE.TRD.GNFS.ZS,2022,79.3974220189679
SRB,Serbia,NE.TRD.GNFS.ZS,2024,111.725028388916
SRB,Serbia,NE.TRD.GNFS.ZS,2023,114.49206464322
SRB,Serbia,NE.TRD.GNFS.ZS,2022,131.913292283516
SYC,Seychelles,NE.TRD.GNFS.ZS,2024,175.872982613261
SYC,Seychelles,NE.TRD.GNFS.ZS,2023,183.842116553333
SYC,Seychelles,NE.TRD.GNFS.ZS,2022,191.578843890135
SLE,Sierra Leone,NE.TRD.GNFS.ZS,2024,40.5454450723139
SLE,Sierra Leone,NE.TRD.GNFS.ZS,2023,55.286796968766
SLE,Sierra Leone,NE.TRD.GNFS.ZS,2022,45.054212809586
SGP,Singapore,NE.TRD.GNFS.ZS,2024,313.299377202408
SGP,Singapore,NE.TRD.GNFS.ZS,2023,323.7012199919
SGP,Singapore,NE.TRD.GNFS.ZS,2022,330.246917062891
SXM,Sint Maarten (Dutch part),NE.TRD.GNFS.ZS,2024,
SXM,Sint Maarten (Dutch part),NE.TRD.GNFS.ZS,2023,
SXM,Sint Maarten (Dutch part),NE.TRD.GNFS.ZS,2022,
SVK,Slovak Republic,NE.TRD.GNFS.ZS,2024,171.212800151635
SVK,Slovak Republic,NE.TRD.GNFS.ZS,2023,181.39087235645
SVK,Slovak Republic,NE.TRD.GNFS.ZS,2022,204.056318531151
SVN,Slovenia,NE.TRD.GNFS.ZS,2024,155.657928684474
SVN,Slovenia,NE.TRD.GNFS.ZS,2023,160.1596693009
SVN,Slovenia,NE.TRD.GNFS.ZS,2022,186.647076274632
SLB,Solomon Islands,NE.TRD.GNFS.ZS,2024,111.352972154204
SLB,Solomon Islands,NE.TRD.GNFS.ZS,2023,101.134531825762
SLB,Solomon Islands,NE.TRD.GNFS.ZS,2022,74.8355405899571
SOM,"Somalia, Fed. Rep.",NE.TRD.GNFS.ZS,2024,130.325060583271
SOM,"Somalia, Fed. Rep.",NE.TRD.GNFS.ZS,2023,103.121007483117
SOM,"Somalia, Fed. Rep.",NE.TRD.GNFS.ZS,2022,90.7576203077526
ZAF,South Africa,NE.TRD.GNFS.ZS,2024,61.646770473025
ZAF,South Africa,NE.TRD.GNFS.ZS,2023,65.6798759740707
ZAF,South Africa,NE.TRD.GNFS.ZS,2022,64.94713440234
SSD,South Sudan,NE.TRD.GNFS.ZS,2024,
SSD,South Sudan,NE.TRD.GNFS.ZS,2023,
SSD,South Sudan,NE.TRD.GNFS.ZS,2022,
ESP,Spain,NE.TRD.GNFS.ZS,2024,69.9502612382631
ESP,Spain,NE.TRD.GNFS.ZS,2023,71.7976366055733
ESP,Spain,NE.TRD.GNFS.ZS,2022,78.4657338703054
LKA,Sri Lanka,NE.TRD.GNFS.ZS,2024,42.1196098331113
LKA,Sri Lanka,NE.TRD.GNFS.ZS,2023,43.3476681195134
LKA,Sri Lanka,NE.TRD.GNFS.ZS,2022,46.6826080179359
KNA,St. Kitts and Nevis,NE.TRD.GNFS.ZS,2024,
KNA,St. Kitts and Nevis,NE.TRD.GNFS.ZS,2023,
KNA,St. Kitts and Nevis,NE.TRD.GNFS.ZS,2022,
LCA,St. Lucia,NE.TRD.GNFS.ZS,2024,
LCA,St. Lucia,NE.TRD.GNFS.ZS,2023,
LCA,St. Lucia,NE.TRD.GNFS.ZS,2022,
MAF,St. Martin (French part),NE.TRD.GNFS.ZS,2024,
MAF,St. Martin (French part),NE.TRD.GNFS.ZS,2023,
MAF,St. Martin (French part),NE.TRD.GNFS.ZS,2022,
VCT,St. Vincent and the Grenadines,NE.TRD.GNFS.ZS,2024,
VCT,St. Vincent and the Grenadines,NE.TRD.GNFS.ZS,2023,
VCT,St. Vincent and the Grenadines,NE.TRD.GNFS.ZS,2022,
SDN,Sudan,NE.TRD.GNFS.ZS,2024,1.99541210225008
SDN,Sudan,NE.TRD.GNFS.ZS,2023,2.47372878267665
SDN,Sudan,NE.TRD.GNFS.ZS,2022,2.69883443585856
SUR,Suriname,NE.TRD.GNFS.ZS,2024,
SUR,Suriname,NE.TRD.GNFS.ZS,2023,
SUR,Suriname,NE.TRD.GNFS.ZS,2022,
SWE,Sweden,NE.TRD.GNFS.ZS,2024,105.967492313344
SWE,Sweden,NE.TRD.GNFS.ZS,2023,107.619709443974
SWE,Sweden,NE.TRD.GNFS.ZS,2022,107.111751826512
CHE,Switzerland,NE.TRD.GNFS.ZS,2024,130.354516041578
CHE,Switzerland,NE.TRD.GNFS.ZS,2023,129.7371945484
CHE,Switzerland,NE.TRD.GNFS.ZS,2022,136.235871048363
SYR,Syrian Arab Republic,NE.TRD.GNFS.ZS,2024,
SYR,Syrian Arab Republic,NE.TRD.GNFS.ZS,2023,
SYR,Syrian Arab Republic,NE.TRD.GNFS.ZS,2022,35.4372421451582
TJK,Tajikistan,NE.TRD.GNFS.ZS,2024,59.0899316296485
TJK,Tajikistan,NE.TRD.GNFS.ZS,2023,65.6347010367354
TJK,Tajikistan,NE.TRD.GNFS.ZS,2022,65.4355115893577
TZA,Tanzania,NE.TRD.GNFS.ZS,2024,41.3081068648568
TZA,Tanzania,NE.TRD.GNFS.ZS,2023,38.212034806339
TZA,Tanzania,NE.TRD.GNFS.ZS,2022,35.0034517101994
THA,Thailand,NE.TRD.GNFS.ZS,2024,135.724935837766
THA,Thailand,NE.TRD.GNFS.ZS,2023,128.792359690165
THA,Thailand,NE.TRD.GNFS.ZS,2022,132.813458288082
TLS,Timor-Leste,NE.TRD.GNFS.ZS,2024,95.4485030105899
TLS,Timor-Leste,NE.TRD.GNFS.ZS,2023,89.3046490972644
TLS,Timor-Leste,NE.TRD.GNFS.ZS,2022,97.621108820704
TGO,Togo,NE.TRD.GNFS.ZS,2024,
TGO,Togo,NE.TRD.GNFS.ZS,2023,59.9291777017427
TGO,Togo,NE.TRD.GNFS.ZS,2022,61.575092396894
TON,Tonga,NE.TRD.GNFS.ZS,2024,77.5794710114187
TON,Tonga,NE.TRD.GNFS.ZS,2023,79.6239257000079
TON,Tonga,NE.TRD.GNFS.ZS,2022,70.1272718284375
TTO,Trinidad and Tobago,NE.TRD.GNFS.ZS,2024,
TTO,Trinidad and Tobago,NE.TRD.GNFS.ZS,2023,
TTO,Trinidad and Tobago,NE.TRD.GNFS.ZS,2022,
TUN,Tunisia,NE.TRD.GNFS.ZS,2024,106.298549204247
TUN,Tunisia,NE.TRD.GNFS.ZS,2023,112.128858013354
TUN,Tunisia,NE.TRD.GNFS.ZS,2022,116.095794384146
TUR,Turkiye,NE.TRD.GNFS.ZS,2024,54.5988061195916
TUR,Turkiye,NE.TRD.GNFS.ZS,2023,65.6832084738667
TUR,Turkiye,NE.TRD.GNFS.ZS,2022,79.8982722314341
TKM,Turkmenistan,NE.TRD.GNFS.ZS,2024,28.7345237411748
TKM,Turkmenistan,NE.TRD.GNFS.ZS,2023,34.1794035540188
TKM,Turkmenistan,NE.TRD.GNFS.ZS,2022,37.8107225896924
TCA,Turks and Caicos Islands,NE.TRD.GNFS.ZS,2024,
TCA,Turks and Caicos Islands,NE.TRD.GNFS.ZS,2023,
TCA,Turks and Caicos Islands,NE.TRD.GNFS.ZS,2022,
TUV,Tuvalu,NE.TRD.GNFS.ZS,2024,
TUV,Tuvalu,NE.TRD.GNFS.ZS,2023,
TUV,Tuvalu,NE.TRD.GNFS.ZS,2022,
UGA,Uganda,NE.TRD.GNFS.ZS,2024,42.6527889088562
UGA,Uganda,NE.TRD.GNFS.ZS,2023,33.3416963302219
UGA,Uganda,NE.TRD.GNFS.ZS,2022,34.5053019270937
UKR,Ukraine,NE.TRD.GNFS.ZS,2024,79.6884673892276
UKR,Ukraine,NE.TRD.GNFS.ZS,2023,77.5096141935657
UKR,Ukraine,NE.TRD.GNFS.ZS,2022,87.3965139907244
ARE,United Arab Emirates,NE.TRD.GNFS.ZS,2024,
ARE,United Arab Emirates,NE.TRD.GNFS.ZS,2023,199.044950127107
ARE,United Arab Emirates,NE.TRD.GNFS.ZS,2022,185.741660631894
GBR,United Kingdom,NE.TRD.GNFS.ZS,2024,62.839052044584
GBR,United Kingdom,NE.TRD.GNFS.ZS,2023,64.9923841747803
GBR,United Kingdom,NE.TRD.GNFS.ZS,2022,69.1989264413981
USA,United States,NE.TRD.GNFS.ZS,2024,25.0160172978284
USA,United States,NE.TRD.GNFS.ZS,2023,24.9292981752847
USA,United States,NE.TRD.GNFS.ZS,2022,26.9078981557739
URY,Uruguay,NE.TRD.GNFS.ZS,2024,51.4582237554765
URY,Uruguay,NE.TRD.GNFS.ZS,2023,52.3273108387018
URY,Uruguay,NE.TRD.GNFS.ZS,2022,60.2026828336525
UZB,Uzbekistan,NE.TRD.GNFS.ZS,2024,57.5295432552977
UZB,Uzbekistan,NE.TRD.GNFS.ZS,2023,63.102194304905
UZB,Uzbekistan,NE.TRD.GNFS.ZS,2022,60.0483582576289
VUT,Vanuatu,NE.TRD.GNFS.ZS,2024,73.3835043414732
VUT,Vanuatu,NE.TRD.GNFS.ZS,2023,78.0648945040347
VUT,Vanuatu,NE.TRD.GNFS.ZS,2022,70.4738394846168
VEN,"Venezuela, RB",NE.TRD.GNFS.ZS,2024,26.2373885733766
VEN,"Venezuela, RB",NE.TRD.GNFS.ZS,2023,28.0944323171165
VEN,"Venezuela, RB",NE.TRD.GNFS.ZS,2022,27.8980542310307
VNM,Viet Nam,NE.TRD.GNFS.ZS,2024,173.885260216071
VNM,Viet Nam,NE.TRD.GNFS.ZS,2023,164.995585455876
VNM,Viet Nam,NE.TRD.GNFS.ZS,2022,183.153619147836
VIR,Virgin Islands (U.S.),NE.TRD.GNFS.ZS,2024,
VIR,Virgin Islands (U.S.),NE.TRD.GNFS.ZS,2023,
VIR,Virgin Islands (U.S.),NE.TRD.GNFS.ZS,2022,205.629280821918
PSE,West Bank and Gaza,NE.TRD.GNFS.ZS,2024,74.5880913285342
PSE,West Bank and Gaza,NE.TRD.GNFS.ZS,2023,76.173457614931
PSE,West Bank and Gaza,NE.TRD.GNFS.ZS,2022,82.3949283869453
YEM,"Yemen, Rep.",NE.TRD.GNFS.ZS,2024,
YEM,"Yemen, Rep.",NE.TRD.GNFS.ZS,2023,
YEM,"Yemen, Rep.",NE.TRD.GNFS.ZS,2022,
ZMB,Zambia,NE.TRD.GNFS.ZS,2024,62.5348874064443
ZMB,Zambia,NE.TRD.GNFS.ZS,2023,78.2418870451485
ZMB,Zambia,NE.TRD.GNFS.ZS,2022,69.2973154193203
ZWE,Zimbabwe,NE.TRD.GNFS.ZS,2024,41.5039527238816
ZWE,Zimbabwe,NE.TRD.GNFS.ZS,2023,40.2912612046942
ZWE,Zimbabwe,NE.TRD.GNFS.ZS,2022,43.6150764298492
AFE,Africa Eastern and Southern,SP.POP.GROW,2024,2.47280147854539
AFE,Africa Eastern and Southern,SP.POP.GROW,2023,2.51916664518144
AFE,Africa Eastern and Southern,SP.POP.GROW,2022,2.59275445199729
AFW,Africa Western and Central,SP.POP.GROW,2024,2.39809620858228
AFW,Africa Western and Central,SP.POP.GROW,2023,2.37937619625479
AFW,Africa Western and Central,SP.POP.GROW,2022,2.32085084130242
ARB,Arab World,SP.POP.GROW,2024,2.15591676300777
ARB,Arab World,SP.POP.GROW,2023,2.25586602644063
ARB,Arab World,SP.POP.GROW,2022,2.29741398218854
CSS,Caribbean small states,SP.POP.GROW,2024,0.422918747707842
CSS,Caribbean small states,SP.POP.GROW,2023,0.501131442241158
CSS,Caribbean small states,SP.POP.GROW,2022,0.404234861975181
CEB,Central Europe and the Baltics,SP.POP.GROW,2024,-0.121594654206648
CEB,Central Europe and the Baltics,SP.POP.GROW,2023,0.111693279901196
CEB,Central Europe and the Baltics,SP.POP.GROW,2022,-0.13367547636684
EAR,Early-demographic dividend,SP.POP.GROW,2024,1.15231312352477
EAR,Early-demographic dividend,SP.POP.GROW,2023,1.17335447434549
EAR,Early-demographic dividend,SP.POP.GROW,2022,1.11896236573035
EAS,East Asia & Pacific,SP.POP.GROW,2024,0.16250484328034
EAS,East Asia & Pacific,SP.POP.GROW,2023,0.20253187675137
EAS,East Asia & Pacific,SP.POP.GROW,2022,0.189259906183258
EAP,East Asia & Pacific (excluding high income),SP.POP.GROW,2024,0.168020512804402
EAP,East Asia & Pacific (excluding high income),SP.POP.GROW,2023,0.185776878891948
EAP,East Asia & Pacific (excluding high income),SP.POP.GROW,2022,0.234938160938111
TEA,East Asia & Pacific (IDA & IBRD countries),SP.POP.GROW,2024,0.166308498832557
TEA,East Asia & Pacific (IDA & IBRD countries),SP.POP.GROW,2023,0.183862594333235
TEA,East Asia & Pacific (IDA & IBRD countries),SP.POP.GROW,2022,0.23329577316355
EMU,Euro area,SP.POP.GROW,2024,0.390590086480305
EMU,Euro area,SP.POP.GROW,2023,0.4341535020062
EMU,Euro area,SP.POP.GROW,2022,0.268431756081216
ECS,Europe & Central Asia,SP.POP.GROW,2024,0.405947664713241
ECS,Europe & Central Asia,SP.POP.GROW,2023,0.058157268386224
ECS,Europe & Central Asia,SP.POP.GROW,2022,-0.0117486154637433
ECA,Europe & Central Asia (excluding high income),SP.POP.GROW,2024,0.671406615620136
ECA,Europe & Central Asia (excluding high income),SP.POP.GROW,2023,-0.719265625223627
ECA,Europe & Central Asia (excluding high income),SP.POP.GROW,2022,-0.538786451184916
TEC,Europe & Central Asia (IDA & IBRD countries),SP.POP.GROW,2024,0.301119159174174
TEC,Europe & Central Asia (IDA & IBRD countries),SP.POP.GROW,2023,-0.509492541975487
TEC,Europe & Central Asia (IDA & IBRD countries),SP.POP.GROW,2022,-0.467968565667359
EUU,European Union,SP.POP.GROW,2024,0.295986183604409
EUU,European Union,SP.POP.GROW,2023,0.378071389543418
EUU,European Union,SP.POP.GROW,2022,0.218330107204789
HPC,Heavily indebted poor countries (HIPC),SP.POP.GROW,2024,2.59429753696978
HPC,Heavily indebted poor countries (HIPC),SP.POP.GROW,2023,2.58026361363995
HPC,Heavily indebted poor countries (HIPC),SP.POP.GROW,2022,2.59787593290291
,High income,SP.POP.GROW,2024,0.692671029675521
,High income,SP.POP.GROW,2023,0.720614909220043
,High income,SP.POP.GROW,2022,0.445759077082637
IBD,IBRD only,SP.POP.GROW,2024,0.552979753222267
IBD,IBRD only,SP.POP.GROW,2023,0.486083267287729
IBD,IBRD only,SP.POP.GROW,2022,0.467464056138187
IBT,IDA & IBRD total,SP.POP.GROW,2024,0.985636475049798
IBT,IDA & IBRD total,SP.POP.GROW,2023,0.933779500498559
IBT,IDA & IBRD total,SP.POP.GROW,2022,0.916716913217627
IDB,IDA blend,SP.POP.GROW,2024,1.87305223436203
IDB,IDA blend,SP.POP.GROW,2023,1.89932789494521
IDB,IDA blend,SP.POP.GROW,2022,1.96732800737651
IDX,IDA only,SP.POP.GROW,2024,2.22368416110244
IDX,IDA only,SP.POP.GROW,2023,2.21826281999446
IDX,IDA only,SP.POP.GROW,2022,2.19184341656057
IDA,IDA total,SP.POP.GROW,2024,2.10155053006799
IDA,IDA total,SP.POP.GROW,2023,2.10692753354027
IDA,IDA total,SP.POP.GROW,2022,2.11332985849227
LTE,Late-demographic dividend,SP.POP.GROW,2024,0.110931670489346
LTE,Late-demographic dividend,SP.POP.GROW,2023,0.107296424335895
LTE,Late-demographic dividend,SP.POP.GROW,2022,0.158139633101719
LCN,Latin America & Caribbean,SP.POP.GROW,2024,0.692393676236428
LCN,Latin America & Caribbean,SP.POP.GROW,2023,0.68792568746324
LCN,Latin America & Caribbean,SP.POP.GROW,2022,0.594627801259553
LAC,Latin America & Caribbean (excluding high income),SP.POP.GROW,2024,0.705022926271216
LAC,Latin America & Caribbean (excluding high income),SP.POP.GROW,2023,0.702661085803243
LAC,Latin America & Caribbean (excluding high income),SP.POP.GROW,2022,0.611085431754646
TLA,Latin America & the Caribbean (IDA & IBRD countries),SP.POP.GROW,2024,0.714412993725169
TLA,Latin America & the Caribbean (IDA & IBRD countries),SP.POP.GROW,2023,0.712391178156926
TLA,Latin America & the Caribbean (IDA & IBRD countries),SP.POP.GROW,2022,0.625181508078684
LDC,Least developed countries: UN classification,SP.POP.GROW,2024,2.29506968215423
LDC,Least developed countries: UN classification,SP.POP.GROW,2023,2.28323754860687
LDC,Least developed countries: UN classification,SP.POP.GROW,2022,2.26001631858664
LMY,Low & middle income,SP.POP.GROW,2024,1.01940966578721
LMY,Low & middle income,SP.POP.GROW,2023,0.970350271390185
LMY,Low & middle income,SP.POP.GROW,2022,0.956904645217757
,Low income,SP.POP.GROW,2024,2.71201208510864
,Low income,SP.POP.GROW,2023,2.7021643002205
,Low income,SP.POP.GROW,2022,2.63977079031453
,Lower middle income,SP.POP.GROW,2024,1.30463269701607
,Lower middle income,SP.POP.GROW,2023,1.30653524509785
,Lower middle income,SP.POP.GROW,2022,1.25763040545137
MEA,"Middle East, North Africa, Afghanistan & Pakistan",SP.POP.GROW,2024,1.90852681030619
MEA,"Middle East, North Africa, Afghanistan & Pakistan",SP.POP.GROW,2023,1.95583616128018
MEA,"Middle East, North Africa, Afghanistan & Pakistan",SP.POP.GROW,2022,1.9060709844483
MNA,"Middle East, North Africa, Afghanistan & Pakistan (excluding high income)",SP.POP.GROW,2024,1.7152640194007
MNA,"Middle East, North Africa, Afghanistan & Pakistan (excluding high income)",SP.POP.GROW,2023,1.73896313941003
MNA,"Middle East, North Africa, Afghanistan & Pakistan (excluding high income)",SP.POP.GROW,2022,1.69604782645998
TMN,"Middle East, North Africa, Afghanistan & Pakistan (IDA & IBRD)",SP.POP.GROW,2024,1.7106462612973
TMN,"Middle East, North Africa, Afghanistan & Pakistan (IDA & IBRD)",SP.POP.GROW,2023,1.73430944588312
TMN,"Middle East, North Africa, Afghanistan & Pakistan (IDA & IBRD)",SP.POP.GROW,2022,1.69089538433865
MIC,Middle income,SP.POP.GROW,2024,0.809785499940091
MIC,Middle income,SP.POP.GROW,2023,0.759953149100681
MIC,Middle income,SP.POP.GROW,2022,0.756327928299984
NAC,North America,SP.POP.GROW,2024,1.17699231428795
NAC,North America,SP.POP.GROW,2023,1.02888113096261
NAC,North America,SP.POP.GROW,2022,0.701227350749623
,Not classified,SP.POP.GROW,2024,
,Not classified,SP.POP.GROW,2023,
,Not classified,SP.POP.GROW,2022,
OED,OECD members,SP.POP.GROW,2024,0.645006539987646
OED,OECD members,SP.POP.GROW,2023,0.669046970502832
OED,OECD members,SP.POP.GROW,2022,0.495306996437536
OSS,Other small states,SP.POP.GROW,2024,0.852252955825721
OSS,Other small states,SP.POP.GROW,2023,0.964925235955626
OSS,Other small states,SP.POP.GROW,2022,1.24494821200593
PSS,Pacific island small states,SP.POP.GROW,2024,1.22857783792362
PSS,Pacific island small states,SP.POP.GROW,2023,1.24129959209673
PSS,Pacific island small states,SP.POP.GROW,2022,1.15709923057953
PST,Post-demographic dividend,SP.POP.GROW,2024,0.625489391923098
PST,Post-demographic dividend,SP.POP.GROW,2023,0.343339336267454
PST,Post-demographic dividend,SP.POP.GROW,2022,0.0754459661346514
PRE,Pre-demographic dividend,SP.POP.GROW,2024,2.53906602897911
PRE,Pre-demographic dividend,SP.POP.GROW,2023,2.53506961491099
PRE,Pre-demographic dividend,SP.POP.GROW,2022,2.52277745421748
SST,Small states,SP.POP.GROW,2024,0.806191276603831
SST,Small states,SP.POP.GROW,2023,0.897105994356687
SST,Small states,SP.POP.GROW,2022,1.04213937591557
SAS,South Asia,SP.POP.GROW,2024,0.886479316682577
SAS,South Asia,SP.POP.GROW,2023,0.880272546944629
SAS,South Asia,SP.POP.GROW,2022,0.805672047808918
TSA,South Asia (IDA & IBRD),SP.POP.GROW,2024,0.886479316682577
TSA,South Asia (IDA & IBRD),SP.POP.GROW,2023,0.880272546944629
TSA,South Asia (IDA & IBRD),SP.POP.GROW,2022,0.805672047808918
SSF,Sub-Saharan Africa,SP.POP.GROW,2024,2.44264156497122
SSF,Sub-Saharan Africa,SP.POP.GROW,2023,2.46269453367738
SSF,Sub-Saharan Africa,SP.POP.GROW,2022,2.48277688054378
SSA,Sub-Saharan Africa (excluding high income),SP.POP.GROW,2024,2.44274860744435
SSA,Sub-Saharan Africa (excluding high income),SP.POP.GROW,2023,2.4629403357372
SSA,Sub-Saharan Africa (excluding high income),SP.POP.GROW,2022,2.48130101186999
TSS,Sub-Saharan Africa (IDA & IBRD countries),SP.POP.GROW,2024,2.44264156497122
TSS,Sub-Saharan Africa (IDA & IBRD countries),SP.POP.GROW,2023,2.46269453367738
TSS,Sub-Saharan Africa (IDA & IBRD countries),SP.POP.GROW,2022,2.48277688054378
,Upper middle income,SP.POP.GROW,2024,0.343160938123363
,Upper middle income,SP.POP.GROW,2023,0.249719323418953
,Upper middle income,SP.POP.GROW,2022,0.293068436871359
WLD,World,SP.POP.GROW,2024,0.962423716684401
WLD,World,SP.POP.GROW,2023,0.926690595591761
WLD,World,SP.POP.GROW,2022,0.867263337143777
AFG,Afghanistan,SP.POP.GROW,2024,2.83657317243522
AFG,Afghanistan,SP.POP.GROW,2023,2.13559384981397
AFG,Afghanistan,SP.POP.GROW,2022,1.43570437048699
ALB,Albania,SP.POP.GROW,2024,-1.44214414486444
ALB,Albania,SP.POP.GROW,2023,-1.64410790425763
ALB,Albania,SP.POP.GROW,2022,-1.54315667695786
DZA,Algeria,SP.POP.GROW,2024,1.39838651912702
DZA,Algeria,SP.POP.GROW,2023,1.49897601193923
DZA,Algeria,SP.POP.GROW,2022,1.58758210690673
ASM,American Samoa,SP.POP.GROW,2024,-1.60366587175019
ASM,American Samoa,SP.POP.GROW,2023,-1.71290294190977
ASM,American Samoa,SP.POP.GROW,2022,-1.81008765020754
AND,Andorra,SP.POP.GROW,2024,1.32930689449906
AND,Andorra,SP.POP.GROW,2023,1.43374756867515
AND,Andorra,SP.POP.GROW,2022,1.69676808598242
AGO,Angola,SP.POP.GROW,2024,3.04419972245653
AGO,Angola,SP.POP.GROW,2023,3.08065530722915
AGO,Angola,SP.POP.GROW,2022,3.14302612044601
ATG,Antigua and Barbuda,SP.POP.GROW,2024,0.487472101887911
ATG,Antigua and Barbuda,SP.POP.GROW,2023,0.511400156215609
ATG,Antigua and Barbuda,SP.POP.GROW,2022,0.530270318994476
ARG,Argentina,SP.POP.GROW,2024,0.345829819817895
ARG,Argentina,SP.POP.GROW,2023,0.286976121920089
ARG,Argentina,SP.POP.GROW,2022,0.210808731072658
ARM,Armenia,SP.POP.GROW,2024,2.30761515133256
ARM,Armenia,SP.POP.GROW,2023,-0.165163937436499
ARM,Armenia,SP.POP.GROW,2022,0.2326562627468
ABW,Aruba,SP.POP.GROW,2024,0.590657103226071
ABW,Aruba,SP.POP.GROW,2023,0.0456516784920034
ABW,Aruba,SP.POP.GROW,2022,-0.362774222330685
AUS,Australia,SP.POP.GROW,2024,1.98454886891555
AUS,Australia,SP.POP.GROW,2023,2.43450716351535
AUS,Australia,SP.POP.GROW,2022,1.28931130985537
AUT,Austria,SP.POP.GROW,2024,0.504879813795986
AUT,Austria,SP.POP.GROW,2023,0.989464653969154
AUT,Austria,SP.POP.GROW,2022,0.956287797076634
AZE,Azerbaijan,SP.POP.GROW,2024,0.480155257252915
AZE,Azerbaijan,SP.POP.GROW,2023,0.120242150339289
AZE,Azerbaijan,SP.POP.GROW,2022,0.039507866238038
BHS,"Bahamas, The",SP.POP.GROW,2024,0.460334786075668
BHS,"Bahamas, The",SP.POP.GROW,2023,0.477303918283875
BHS,"Bahamas, The",SP.POP.GROW,2022,0.293483989063331
BHR,Bahrain,SP.POP.GROW,2024,0.733546811160036
BHR,Bahrain,SP.POP.GROW,2023,3.37686417721007
BHR,Bahrain,SP.POP.GROW,2022,1.34221960637543
BGD,Bangladesh,SP.POP.GROW,2024,1.21462115417186
BGD,Bangladesh,SP.POP.GROW,2023,1.22171475464107
BGD,Bangladesh,SP.POP.GROW,2022,1.02423384746683
BRB,Barbados,SP.POP.GROW,2024,0.0463878564204179
BRB,Barbados,SP.POP.GROW,2023,0.00637558575909917
BRB,Barbados,SP.POP.GROW,2022,0.0605883465692588
BLR,Belarus,SP.POP.GROW,2024,-0.49881794290787
BLR,Belarus,SP.POP.GROW,2023,-0.540824986374776
BLR,Belarus,SP.POP.GROW,2022,-0.804228426880244
BEL,Belgium,SP.POP.GROW,2024,0.66555918543206
BEL,Belgium,SP.POP.GROW,2023,0.850263748167955
BEL,Belgium,SP.POP.GROW,2022,0.808165350001861
BLZ,Belize,SP.POP.GROW,2024,1.44077799785791
BLZ,Belize,SP.POP.GROW,2023,2.05772774277288
BLZ,Belize,SP.POP.GROW,2022,1.85124805102003
BEN,Benin,SP.POP.GROW,2024,2.46175361912328
BEN,Benin,SP.POP.GROW,2023,2.52274772277722
BEN,Benin,SP.POP.GROW,2022,2.54740926342667
BMU,Bermuda,SP.POP.GROW,2024,-0.0958758017988935
BMU,Bermuda,SP.POP.GROW,2023,-0.0787967316952785
BMU,Bermuda,SP.POP.GROW,2022,0.156108751379667
BTN,Bhutan,SP.POP.GROW,2024,0.651370664586926
BTN,Bhutan,SP.POP.GROW,2023,0.698146584889649
BTN,Bhutan,SP.POP.GROW,2022,0.703183917780367
BOL,Bolivia,SP.POP.GROW,2024,1.37206798819615
BOL,Bolivia,SP.POP.GROW,2023,1.37334382280772
BOL,Bolivia,SP.POP.GROW,2022,1.16425907336882
BIH,Bosnia and Herzegovina,SP.POP.GROW,2024,-0.655819991673837
BIH,Bosnia and Herzegovina,SP.POP.GROW,2023,-0.617510129445164
BIH,Bosnia and Herzegovina,SP.POP.GROW,2022,-1.24363802761194
BWA,Botswana,SP.POP.GROW,2024,1.63538411022867
BWA,Botswana,SP.POP.GROW,2023,1.64031664035479
BWA,Botswana,SP.POP.GROW,2022,1.58848021878269
BRA,Brazil,SP.POP.GROW,2024,0.405467027627251
BRA,Brazil,SP.POP.GROW,2023,0.395928695574996
BRA,Brazil,SP.POP.GROW,2022,0.360180890872169
VGB,British Virgin Islands,SP.POP.GROW,2024,1.23892682902476
VGB,British Virgin Islands,SP.POP.GROW,2023,1.72311000328138
VGB,British Virgin Islands,SP.POP.GROW,2022,1.33986872052852
BRN,Brunei Darussalam,SP.POP.GROW,2024,0.81851878860359
BRN,Brunei Darussalam,SP.POP.GROW,2023,0.782881746925984
BRN,Brunei Darussalam,SP.POP.GROW,2022,0.804554269312164
BGR,Bulgaria,SP.POP.GROW,2024,-0.0803071609561488
BGR,Bulgaria,SP.POP.GROW,2023,-0.286577641861364
BGR,Bulgaria,SP.POP.GROW,2022,-0.650676134087796
BFA,Burkina Faso,SP.POP.GROW,2024,2.24597728439097
BFA,Burkina Faso,SP.POP.GROW,2023,2.26973666268599
BFA,Burkina Faso,SP.POP.GROW,2022,2.30907147387783
BDI,Burundi,SP.POP.GROW,2024,2.5839340108674
BDI,Burundi,SP.POP.GROW,2023,2.72764441044431
BDI,Burundi,SP.POP.GROW,2022,2.70585008916716
CPV,Cabo Verde,SP.POP.GROW,2024,0.486246288487151
CPV,Cabo Verde,SP.POP.GROW,2023,0.497087597239901
CPV,Cabo Verde,SP.POP.GROW,2022,0.596688345869947
KHM,Cambodia,SP.POP.GROW,2024,1.22593986324555
KHM,Cambodia,SP.POP.GROW,2023,1.28320677599476
KHM,Cambodia,SP.POP.GROW,2022,1.33088813106016
CMR,Cameroon,SP.POP.GROW,2024,2.61268294319567
CMR,Cameroon,SP.POP.GROW,2023,2.64245336134821
CMR,Cameroon,SP.POP.GROW,2022,2.62905090961273
CAN,Canada,SP.POP.GROW,2024,2.9844051252484
CAN,Canada,SP.POP.GROW,2023,2.78237404482922
CAN,Canada,SP.POP.GROW,2022,1.84036295796994
CYM,Cayman Islands,SP.POP.GROW,2024,1.92419238887509
CYM,Cayman Islands,SP.POP.GROW,2023,2.00104859136332
CYM,Cayman Islands,SP.POP.GROW,2022,2.09324575309515
CAF,Central African Republic,SP.POP.GROW,2024,3.40139844069992
CAF,Central African Republic,SP.POP.GROW,2023,1.06107453184959
CAF,Central African Republic,SP.POP.GROW,2022,-0.275432271573156
TCD,Chad,SP.POP.GROW,2024,4.94853027382671
TCD,Chad,SP.POP.GROW,2023,4.57399213394625
TCD,Chad,SP.POP.GROW,2022,3.45668911084691
CHI,Channel Islands,SP.POP.GROW,2024,0.25906981677504
CHI,Channel Islands,SP.POP.GROW,2023,0.284259058075622
CHI,Channel Islands,SP.POP.GROW,2022,0.283869921965387
CHL,Chile,SP.POP.GROW,2024,0.537425495656651
CHL,Chile,SP.POP.GROW,2023,0.53962870957127
CHL,Chile,SP.POP.GROW,2022,0.495789591494285
CHN,China,SP.POP.GROW,2024,-0.123063407363995
CHN,China,SP.POP.GROW,2023,-0.103794531589067
CHN,China,SP.POP.GROW,2022,-0.0130995013525784
COL,Colombia,SP.POP.GROW,2024,1.07447920962035
COL,Colombia,SP.POP.GROW,2023,1.12092864340999
COL,Colombia,SP.POP.GROW,2022,1.06829295530618
COM,Comoros,SP.POP.GROW,2024,1.89182789744612
COM,Comoros,SP.POP.GROW,2023,1.92327433672711
COM,Comoros,SP.POP.GROW,2022,1.93837687010445
COD,"Congo, Dem. Rep.",SP.POP.GROW,2024,3.24257627586721
COD,"Congo, Dem. Rep.",SP.POP.GROW,2023,3.25963514299902
COD,"Congo, Dem. Rep.",SP.POP.GROW,2022,3.2234019442495
COG,"Congo, Rep.",SP.POP.GROW,2024,2.39829082784283
COG,"Congo, Rep.",SP.POP.GROW,2023,2.41919038084212
COG,"Congo, Rep.",SP.POP.GROW,2022,2.39665300284304
CRI,Costa Rica,SP.POP.GROW,2024,0.476482848761595
CRI,Costa Rica,SP.POP.GROW,2023,0.46646444898736
CRI,Costa Rica,SP.POP.GROW,2022,0.429453043658398
CIV,Cote d'Ivoire,SP.POP.GROW,2024,2.43618201263834
CIV,Cote d'Ivoire,SP.POP.GROW,2023,2.50384681190665
CIV,Cote d'Ivoire,SP.POP.GROW,2022,2.51622934953513
HRV,Croatia,SP.POP.GROW,2024,0.168627948783285
HRV,Croatia,SP.POP.GROW,2023,0.104856226330186
HRV,Croatia,SP.POP.GROW,2022,-0.603521952188318
CUB,Cuba,SP.POP.GROW,2024,-0.364986968189241
CUB,Cuba,SP.POP.GROW,2023,-0.361317873522215
CUB,Cuba,SP.POP.GROW,2022,-0.562151275082133
CUW,Curacao,SP.POP.GROW,2024,0.845408275786684
CUW,Curacao,SP.POP.GROW,2023,0.865660085534404
CUW,Curacao,SP.POP.GROW,2022,-0.408112025783182
CYP,Cyprus,SP.POP.GROW,2024,0.984449687113221
CYP,Cyprus,SP.POP.GROW,2023,1.0167681770201
CYP,Cyprus,SP.POP.GROW,2022,1.06174678712373
CZE,Czechia,SP.POP.GROW,2024,0.376553049157494
CZE,Czechia,SP.POP.GROW,2023,1.78238907045946
CZE,Czechia,SP.POP.GROW,2022,1.5709725672011
DNK,Denmark,SP.POP.GROW,2024,0.503861198167737
DNK,Denmark,SP.POP.GROW,2023,0.741185515720057
DNK,Denmark,SP.POP.GROW,2022,0.787502464739957
DJI,Djibouti,SP.POP.GROW,2024,1.3592172957681
DJI,Djibouti,SP.POP.GROW,2023,1.38410272350128
DJI,Djibouti,SP.POP.GROW,2022,1.40352932560807
DMA,Dominica,SP.POP.GROW,2024,-0.459632350460969
DMA,Dominica,SP.POP.GROW,2023,-0.473991407609536
DMA,Dominica,SP.POP.GROW,2022,-0.561078261856387
DOM,Dominican Republic,SP.POP.GROW,2024,0.846199988604412
DOM,Dominican Republic,SP.POP.GROW,2023,0.891159203732232
DOM,Dominican Republic,SP.POP.GROW,2022,0.959629735113671
ECU,Ecuador,SP.POP.GROW,2024,0.860548498593581
ECU,Ecuador,SP.POP.GROW,2023,0.872456027022398
ECU,Ecuador,SP.POP.GROW,2022,0.796723652034201
EGY,"Egypt, Arab Rep.",SP.POP.GROW,2024,1.73324205302065
EGY,"Egypt, Arab Rep.",SP.POP.GROW,2023,1.68834126904494
EGY,"Egypt, Arab Rep.",SP.POP.GROW,2022,1.48609697540294
SLV,El Salvador,SP.POP.GROW,2024,0.451762522948611
SLV,El Salvador,SP.POP.GROW,2023,0.465531145369394
SLV,El Salvador,SP.POP.GROW,2022,0.39146192798287
GNQ,Equatorial Guinea,SP.POP.GROW,2024,2.40472649031131
GNQ,Equatorial Guinea,SP.POP.GROW,2023,2.41057232825781
GNQ,Equatorial Guinea,SP.POP.GROW,2022,2.5130374213272
ERI,Eritrea,SP.POP.GROW,2024,1.86168851424672
ERI,Eritrea,SP.POP.GROW,2023,1.77168715176453
ERI,Eritrea,SP.POP.GROW,2022,1.75351368458045
EST,Estonia,SP.POP.GROW,2024,0.149856351926424
EST,Estonia,SP.POP.GROW,2023,1.57745133607335
EST,Estonia,SP.POP.GROW,2022,1.33655151148286
SWZ,Eswatini,SP.POP.GROW,2024,0.995913343966098
SWZ,Eswatini,SP.POP.GROW,2023,0.946270731993531
SWZ,Eswatini,SP.POP.GROW,2022,1.01620740015869
ETH,Ethiopia,SP.POP.GROW,2024,2.58350411214521
ETH,Ethiopia,SP.POP.GROW,2023,2.6036241976442
ETH,Ethiopia,SP.POP.GROW,2022,2.62269500936104
FRO,Faroe Islands,SP.POP.GROW,2024,0.443882678235839
FRO,Faroe Islands,SP.POP.GROW,2023,0.914125348702147
FRO,Faroe Islands,SP.POP.GROW,2022,1.14186736137659
FJI,Fiji,SP.POP.GROW,2024,0.500721796949901
FJI,Fiji,SP.POP.GROW,2023,0.51237740019889
FJI,Fiji,SP.POP.GROW,2022,0.295294727557318
FIN,Finland,SP.POP.GROW,2024,0.642640054363343
FIN,Finland,SP.POP.GROW,2023,0.499192375381062
FIN,Finland,SP.POP.GROW,2022,0.271944526506117
FRA,France,SP.POP.GROW,2024,0.261995241898747
FRA,France,SP.POP.GROW,2023,0.275093143443794
FRA,France,SP.POP.GROW,2022,0.502320929337976
PYF,French Polynesia,SP.POP.GROW,2024,0.244792945440769
PYF,French Polynesia,SP.POP.GROW,2023,0.263581727538977
PYF,French Polynesia,SP.POP.GROW,2022,0.209222276724143
GAB,Gabon,SP.POP.GROW,2024,2.15636509762581
GAB,Gabon,SP.POP.GROW,2023,2.19891289669511
GAB,Gabon,SP.POP.GROW,2022,2.24763901253797
GMB,"Gambia, The",SP.POP.GROW,2024,2.27730257212036
GMB,"Gambia, The",SP.POP.GROW,2023,2.30124049704572
GMB,"Gambia, The",SP.POP.GROW,2022,2.31992109797091
GEO,Georgia,SP.POP.GROW,2024,2.57811800562047
GEO,Georgia,SP.POP.GROW,2023,0.0802640328443946
GEO,Georgia,SP.POP.GROW,2022,0.104889950638883
DEU,Germany,SP.POP.GROW,2024,0.274957829184881
DEU,Germany,SP.POP.GROW,2023,0.131511079477747
DEU,Germany,SP.POP.GROW,2022,-0.0219565701848977
GHA,Ghana,SP.POP.GROW,2024,1.87500010333119
GHA,Ghana,SP.POP.GROW,2023,1.90860289687983
GHA,Ghana,SP.POP.GROW,2022,1.92029034344132
GIB,Gibraltar,SP.POP.GROW,2024,2.20574495293092
GIB,Gibraltar,SP.POP.GROW,2023,2.26613272520816
GIB,Gibraltar,SP.POP.GROW,2022,2.01706920456894
GRC,Greece,SP.POP.GROW,2024,-0.0213045199396999
GRC,Greece,SP.POP.GROW,2023,-0.292192792101549
GRC,Greece,SP.POP.GROW,2022,-1.25977874589147
GRL,Greenland,SP.POP.GROW,2024,-0.0510109860579076
GRL,Greenland,SP.POP.GROW,2023,0.359389425458904
GRL,Greenland,SP.POP.GROW,2022,0.0141200557976914
GRD,Grenada,SP.POP.GROW,2024,0.107559936614412
GRD,Grenada,SP.POP.GROW,2023,0.143593450145476
GRD,Grenada,SP.POP.GROW,2022,0.192636221230939
GUM,Guam,SP.POP.GROW,2024,0.760437189316384
GUM,Guam,SP.POP.GROW,2023,0.799555642468131
GUM,Guam,SP.POP.GROW,2022,0.881705873116992
GTM,Guatemala,SP.POP.GROW,2024,1.54129399660934
GTM,Guatemala,SP.POP.GROW,2023,1.53986971917384
GTM,Guatemala,SP.POP.GROW,2022,1.40623710213146
GIN,Guinea,SP.POP.GROW,2024,2.39595802290484
GIN,Guinea,SP.POP.GROW,2023,2.46199049961035
GIN,Guinea,SP.POP.GROW,2022,2.48250409145397
GNB,Guinea-Bissau,SP.POP.GROW,2024,2.20520563612008
GNB,Guinea-Bissau,SP.POP.GROW,2023,2.24529187264064
GNB,Guinea-Bissau,SP.POP.GROW,2022,2.24235388639993
GUY,Guyana,SP.POP.GROW,2024,0.571243951310838
GUY,Guyana,SP.POP.GROW,2023,0.57233513230005
GUY,Guyana,SP.POP.GROW,2022,0.751934221097092
HTI,Haiti,SP.POP.GROW,2024,1.15472671204546
HTI,Haiti,SP.POP.GROW,2023,1.15633263604117
HTI,Haiti,SP.POP.GROW,2022,1.12789828650149
HND,Honduras,SP.POP.GROW,2024,1.68469129774697
HND,Honduras,SP.POP.GROW,2023,1.71477388415816
HND,Honduras,SP.POP.GROW,2022,1.67679658023776
HKG,"Hong Kong SAR, China",SP.POP.GROW,2024,-0.159360467186035
HKG,"Hong Kong SAR, China",SP.POP.GROW,2023,2.55352466697343
HKG,"Hong Kong SAR, China",SP.POP.GROW,2022,-0.907914524343304
HUN,Hungary,SP.POP.GROW,2024,-0.314510077464087
HUN,Hungary,SP.POP.GROW,2023,-0.134269181500181
HUN,Hungary,SP.POP.GROW,2022,-0.268850150860009
ISL,Iceland,SP.POP.GROW,2024,0.218346070592545
ISL,Iceland,SP.POP.GROW,2023,0.953546915490719
ISL,Iceland,SP.POP.GROW,2022,2.51377343254216
IND,India,SP.POP.GROW,2024,0.890706546985984
IND,India,SP.POP.GROW,2023,0.883289539766135
IND,India,SP.POP.GROW,2022,0.790200540609834
IDN,Indonesia,SP.POP.GROW,2024,0.813871513351669
IDN,Indonesia,SP.POP.GROW,2023,0.842666137328498
IDN,Indonesia,SP.POP.GROW,2022,0.746050469653246
IRN,"Iran, Islamic Rep.",SP.POP.GROW,2024,1.05286922170537
IRN,"Iran, Islamic Rep.",SP.POP.GROW,2023,1.20408185634218
IRN,"Iran, Islamic Rep.",SP.POP.GROW,2022,1.20100285857304
IRQ,Iraq,SP.POP.GROW,2024,2.12476784890538
IRQ,Iraq,SP.POP.GROW,2023,2.25148890849618
IRQ,Iraq,SP.POP.GROW,2022,2.29369659225826
IRL,Ireland,SP.POP.GROW,2024,1.57375843711631
IRL,Ireland,SP.POP.GROW,2023,1.87573900211149
IRL,Ireland,SP.POP.GROW,2022,1.98101664069715
IMN,Isle of Man,SP.POP.GROW,2024,-0.00594088816452728
IMN,Isle of Man,SP.POP.GROW,2023,0.0392163858214135
IMN,Isle of Man,SP.POP.GROW,2022,0.0309085940239317
ISR,Israel,SP.POP.GROW,2024,1.54351416100292
ISR,Israel,SP.POP.GROW,2023,3.00437405991345
ISR,Israel,SP.POP.GROW,2022,1.96636884788361
ITA,Italy,SP.POP.GROW,2024,-0.0534387378437725
ITA,Italy,SP.POP.GROW,2023,-0.0499178457490556
ITA,Italy,SP.POP.GROW,2022,-0.20230086688254
JAM,Jamaica,SP.POP.GROW,2024,-0.0215180207209529
JAM,Jamaica,SP.POP.GROW,2023,0.0226098931571573
JAM,Jamaica,SP.POP.GROW,2022,0.0515076570013975
JPN,Japan,SP.POP.GROW,2024,-0.435651699326323
JPN,Japan,SP.POP.GROW,2023,-0.487370782049143
JPN,Japan,SP.POP.GROW,2022,-0.443851919148528
JOR,Jordan,SP.POP.GROW,2024,0.988722042141178
JOR,Jordan,SP.POP.GROW,2023,1.61225050235636
JOR,Jordan,SP.POP.GROW,2022,1.70151702842564
KAZ,Kazakhstan,SP.POP.GROW,2024,1.28276364646616
KAZ,Kazakhstan,SP.POP.GROW,2023,1.46415151694869
KAZ,Kazakhstan,SP.POP.GROW,2022,1.46316879039749
KEN,Kenya,SP.POP.GROW,2024,1.95751431565234
KEN,Kenya,SP.POP.GROW,2023,1.98296028478422
KEN,Kenya,SP.POP.GROW,2022,1.92297608206469
KIR,Kiribati,SP.POP.GROW,2024,1.48889841912877
KIR,Kiribati,SP.POP.GROW,2023,1.56733842415292
KIR,Kiribati,SP.POP.GROW,2022,1.61644031663411
PRK,"Korea, Dem. People's Rep.",SP.POP.GROW,2024,0.304699893187806
PRK,"Korea, Dem. People's Rep.",SP.POP.GROW,2023,0.338821174570736
PRK,"Korea, Dem. People's Rep.",SP.POP.GROW,2022,0.366471008261931
KOR,"Korea, Rep.",SP.POP.GROW,2024,0.0743178674548815
KOR,"Korea, Rep.",SP.POP.GROW,2023,0.077477253324535
KOR,"Korea, Rep.",SP.POP.GROW,2022,-0.187486566698935
XKX,Kosovo,SP.POP.GROW,2024,-5.39126176551648
XKX,Kosovo,SP.POP.GROW,2023,-4.95226324203524
XKX,Kosovo,SP.POP.GROW,2022,-1.01194530149251
KWT,Kuwait,SP.POP.GROW,2024,0.899286654502241
KWT,Kuwait,SP.POP.GROW,2023,5.58813678140227
KWT,Kuwait,SP.POP.GROW,2022,5.11318110910574
KGZ,Kyrgyz Republic,SP.POP.GROW,2024,1.70540730430368
KGZ,Kyrgyz Republic,SP.POP.GROW,2023,1.76957037310792
KGZ,Kyrgyz Republic,SP.POP.GROW,2022,1.7936545985598
LAO,Lao PDR,SP.POP.GROW,2024,1.35832703035837
LAO,Lao PDR,SP.POP.GROW,2023,1.39237667233214
LAO,Lao PDR,SP.POP.GROW,2022,1.40971670105791
LVA,Latvia,SP.POP.GROW,2024,-0.93796839712162
LVA,Latvia,SP.POP.GROW,2023,0.22997050070229
LVA,Latvia,SP.POP.GROW,2022,-0.271369577775699
LBN,Lebanon,SP.POP.GROW,2024,0.560805065461567
LBN,Lebanon,SP.POP.GROW,2023,0.503630953855672
LBN,Lebanon,SP.POP.GROW,2022,0.460053063032864
LSO,Lesotho,SP.POP.GROW,2024,1.11644894351979
LSO,Lesotho,SP.POP.GROW,2023,1.10328678263994
LSO,Lesotho,SP.POP.GROW,2022,1.08048016923391
LBR,Liberia,SP.POP.GROW,2024,2.15725346515291
LBR,Liberia,SP.POP.GROW,2023,2.20390696065654
LBR,Liberia,SP.POP.GROW,2022,2.14388170425267
LBY,Libya,SP.POP.GROW,2024,1.02629935747641
LBY,Libya,SP.POP.GROW,2023,1.12674309223491
LBY,Libya,SP.POP.GROW,2022,1.23450447871795
LIE,Liechtenstein,SP.POP.GROW,2024,1.50446197178693
LIE,Liechtenstein,SP.POP.GROW,2023,0.889858277389592
LIE,Liechtenstein,SP.POP.GROW,2022,0.790598334689517
LTU,Lithuania,SP.POP.GROW,2024,0.579633464785161
LTU,Lithuania,SP.POP.GROW,2023,1.40084461829591
LTU,Lithuania,SP.POP.GROW,2022,0.824789131191284
LUX,Luxembourg,SP.POP.GROW,2024,1.57538901671221
LUX,Luxembourg,SP.POP.GROW,2023,2.02002574712319
LUX,Luxembourg,SP.POP.GROW,2022,2.01666790212729
MAC,"Macao SAR, China",SP.POP.GROW,2024,1.20077588622782
MAC,"Macao SAR, China",SP.POP.GROW,2023,0.221222713921319
MAC,"Macao SAR, China",SP.POP.GROW,2022,-0.764822083825685
MDG,Madagascar,SP.POP.GROW,2024,2.43524760129506
MDG,Madagascar,SP.POP.GROW,2023,2.46201530433165
MDG,Madagascar,SP.POP.GROW,2022,2.48207836172625
MWI,Malawi,SP.POP.GROW,2024,2.57641467045761
MWI,Malawi,SP.POP.GROW,2023,2.57135708610945
MWI,Malawi,SP.POP.GROW,2022,2.567947782963
MYS,Malaysia,SP.POP.GROW,2024,1.22058891015438
MYS,Malaysia,SP.POP.GROW,2023,1.23402869169549
MYS,Malaysia,SP.POP.GROW,2022,1.1977720012836
MDV,Maldives,SP.POP.GROW,2024,0.342572358181693
MDV,Maldives,SP.POP.GROW,2023,0.359585188904548
MDV,Maldives,SP.POP.GROW,2022,1.528878337276
MLI,Mali,SP.POP.GROW,2024,2.94115084753028
MLI,Mali,SP.POP.GROW,2023,2.97400537620334
MLI,Mali,SP.POP.GROW,2022,3.00942592606239
MLT,Malta,SP.POP.GROW,2024,2.87111128593908
MLT,Malta,SP.POP.GROW,2023,3.99255876861009
MLT,Malta,SP.POP.GROW,2022,2.47100289980875
MHL,Marshall Islands,SP.POP.GROW,2024,-3.34957664335036
MHL,Marshall Islands,SP.POP.GROW,2023,-3.16867227675357
MHL,Marshall Islands,SP.POP.GROW,2022,-3.16808578519291
MRT,Mauritania,SP.POP.GROW,2024,2.88395898961435
MRT,Mauritania,SP.POP.GROW,2023,2.96653079197429
MRT,Mauritania,SP.POP.GROW,2022,2.92956466448208
MUS,Mauritius,SP.POP.GROW,2024,-0.2299528038748
MUS,Mauritius,SP.POP.GROW,2023,-1.1051534726941
MUS,Mauritius,SP.POP.GROW,2022,-0.301401216835277
MEX,Mexico,SP.POP.GROW,2024,0.860515443690537
MEX,Mexico,SP.POP.GROW,2023,0.872178517508623
MEX,Mexico,SP.POP.GROW,2022,0.753116988604166
FSM,"Micronesia, Fed. Sts.",SP.POP.GROW,2024,0.469463637376133
FSM,"Micronesia, Fed. Sts.",SP.POP.GROW,2023,0.459189928699194
FSM,"Micronesia, Fed. Sts.",SP.POP.GROW,2022,0.438013018270765
MDA,Moldova,SP.POP.GROW,2024,-2.28306147072637
MDA,Moldova,SP.POP.GROW,2023,-2.84274212689094
MDA,Moldova,SP.POP.GROW,2022,-2.62110760462091
MCO,Monaco,SP.POP.GROW,2024,-0.837774113919638
MCO,Monaco,SP.POP.GROW,2023,0.064195567574974
MCO,Monaco,SP.POP.GROW,2022,1.04315542231896
MNG,Mongolia,SP.POP.GROW,2024,1.24590299529718
MNG,Mongolia,SP.POP.GROW,2023,1.3708886685104
MNG,Mongolia,SP.POP.GROW,2022,1.46704738017187
MNE,Montenegro,SP.POP.GROW,2024,-0.000641511915285095
MNE,Montenegro,SP.POP.GROW,2023,-0.00994290846928265
MNE,Montenegro,SP.POP.GROW,2022,-0.234174139002603
MAR,Morocco,SP.POP.GROW,2024,0.972827595296714
MAR,Morocco,SP.POP.GROW,2023,1.02195181223548
MAR,Morocco,SP.POP.GROW,2022,1.00863622672701
MOZ,Mozambique,SP.POP.GROW,2024,2.91994049442347
MOZ,Mozambique,SP.POP.GROW,2023,2.95358093047219
MOZ,Mozambique,SP.POP.GROW,2022,2.9473431712575
MMR,Myanmar,SP.POP.GROW,2024,0.674364862610485
MMR,Myanmar,SP.POP.GROW,2023,0.698879396261223
MMR,Myanmar,SP.POP.GROW,2022,0.690074759264932
NAM,Namibia,SP.POP.GROW,2024,2.23715227334598
NAM,Namibia,SP.POP.GROW,2023,2.50947899094054
NAM,Namibia,SP.POP.GROW,2022,2.77600581415178
NRU,Naoero,SP.POP.GROW,2024,0.604485091438176
NRU,Naoero,SP.POP.GROW,2023,0.625107627709329
NRU,Naoero,SP.POP.GROW,2022,0.782649677702407
NPL,Nepal,SP.POP.GROW,2024,-0.146800968936231
NPL,Nepal,SP.POP.GROW,2023,-0.0700958873206174
NPL,Nepal,SP.POP.GROW,2022,0.81238557412485
NLD,Netherlands,SP.POP.GROW,2024,0.648823280021657
NLD,Netherlands,SP.POP.GROW,2023,0.990139686700227
NLD,Netherlands,SP.POP.GROW,2022,0.953278922854537
NCL,New Caledonia,SP.POP.GROW,2024,0.95072208560765
NCL,New Caledonia,SP.POP.GROW,2023,0.952185123510063
NCL,New Caledonia,SP.POP.GROW,2022,0.66709196832953
NZL,New Zealand,SP.POP.GROW,2024,1.71596202828263
NZL,New Zealand,SP.POP.GROW,2023,2.3012774309073
NZL,New Zealand,SP.POP.GROW,2022,-0.0570512394609476
NIC,Nicaragua,SP.POP.GROW,2024,1.34687135560209
NIC,Nicaragua,SP.POP.GROW,2023,1.37167812196347
NIC,Nicaragua,SP.POP.GROW,2022,1.28466010240759
NER,Niger,SP.POP.GROW,2024,3.28101480132484
NER,Niger,SP.POP.GROW,2023,3.29489175812772
NER,Niger,SP.POP.GROW,2022,3.25170642220024
NGA,Nigeria,SP.POP.GROW,2024,2.08297776184189
NGA,Nigeria,SP.POP.GROW,2023,2.09838916935738
NGA,Nigeria,SP.POP.GROW,2022,2.09281687128387
MKD,North Macedonia,SP.POP.GROW,2024,-0.189311904958652
MKD,North Macedonia,SP.POP.GROW,2023,-0.212923714310977
MKD,North Macedonia,SP.POP.GROW,2022,-0.294481335654044
MNP,Northern Mariana Islands,SP.POP.GROW,2024,-1.93472893815204
MNP,Northern Mariana Islands,SP.POP.GROW,2023,-2.05003835843766
MNP,Northern Mariana Islands,SP.POP.GROW,2022,-1.93650806828242
NOR,Norway,SP.POP.GROW,2024,0.949855138372357
NOR,Norway,SP.POP.GROW,2023,1.13831142739624
NOR,Norway,SP.POP.GROW,2022,0.898395220610608
OMN,Oman,SP.POP.GROW,2024,4.49738628465102
OMN,Oman,SP.POP.GROW,2023,6.52704988451128
OMN,Oman,SP.POP.GROW,2022,4.98013669293962
PAK,Pakistan,SP.POP.GROW,2024,1.50959876314033
PAK,Pakistan,SP.POP.GROW,2023,1.54880458608849
PAK,Pakistan,SP.POP.GROW,2022,1.74799739792983
PLW,Palau,SP.POP.GROW,2024,-0.180678723422048
PLW,Palau,SP.POP.GROW,2023,-0.180352864081089
PLW,Palau,SP.POP.GROW,2022,-0.135051508906549
PAN,Panama,SP.POP.GROW,2024,1.26624987466078
PAN,Panama,SP.POP.GROW,2023,1.30902688797168
PAN,Panama,SP.POP.GROW,2022,1.26612423517538
PNG,Papua New Guinea,SP.POP.GROW,2024,1.78260733820852
PNG,Papua New Guinea,SP.POP.GROW,2023,1.81103162496893
PNG,Papua New Guinea,SP.POP.GROW,2022,1.88244961375761
PRY,Paraguay,SP.POP.GROW,2024,1.23438951533718
PRY,Paraguay,SP.POP.GROW,2023,1.23021616038983
PRY,Paraguay,SP.POP.GROW,2022,1.13476871860664
PER,Peru,SP.POP.GROW,2024,1.0937871324756
PER,Peru,SP.POP.GROW,2023,1.09975320783678
PER,Peru,SP.POP.GROW,2022,0.959183909355287
PHL,Philippines,SP.POP.GROW,2024,0.825602488528657
PHL,Philippines,SP.POP.GROW,2023,0.810000998681961
PHL,Philippines,SP.POP.GROW,2022,0.760479216015364
POL,Poland,SP.POP.GROW,2024,-0.349832361234927
POL,Poland,SP.POP.GROW,2023,-0.365658526875775
POL,Poland,SP.POP.GROW,2022,-0.433070695882457
PRT,Portugal,SP.POP.GROW,2024,1.09536933248007
PRT,Portugal,SP.POP.GROW,2023,1.36912985956796
PRT,Portugal,SP.POP.GROW,2022,0.697256448023043
PRI,Puerto Rico (US),SP.POP.GROW,2024,-0.0397420363111939
PRI,Puerto Rico (US),SP.POP.GROW,2023,-0.509158872556824
PRI,Puerto Rico (US),SP.POP.GROW,2022,-1.31372535070036
QAT,Qatar,SP.POP.GROW,2024,7.32265165181291
QAT,Qatar,SP.POP.GROW,2023,-0.0489708509014485
QAT,Qatar,SP.POP.GROW,2022,5.90701824957099
ROU,Romania,SP.POP.GROW,2024,-0.0485820204761977
ROU,Romania,SP.POP.GROW,2023,0.0659152146414443
ROU,Romania,SP.POP.GROW,2022,-0.385412679960785
RUS,Russian Federation,SP.POP.GROW,2024,-0.108858652841079
RUS,Russian Federation,SP.POP.GROW,2023,-0.285217600763343
RUS,Russian Federation,SP.POP.GROW,2022,-0.352843110363082
RWA,Rwanda,SP.POP.GROW,2024,2.14176839550509
RWA,Rwanda,SP.POP.GROW,2023,2.1984982050137
RWA,Rwanda,SP.POP.GROW,2022,2.19046619232976
WSM,Samoa,SP.POP.GROW,2024,0.62390639530784
WSM,Samoa,SP.POP.GROW,2023,0.649190563116911
WSM,Samoa,SP.POP.GROW,2022,0.690847424147793
SMR,San Marino,SP.POP.GROW,2024,0.344944841346899
SMR,San Marino,SP.POP.GROW,2023,0.310582221115543
SMR,San Marino,SP.POP.GROW,2022,-1.46164026701119
STP,Sao Tome and Principe,SP.POP.GROW,2024,2.0004655038868
STP,Sao Tome and Principe,SP.POP.GROW,2023,1.99754660166419
STP,Sao Tome and Principe,SP.POP.GROW,2022,1.93819561963228
SAU,Saudi Arabia,SP.POP.GROW,2024,4.63120232685885
SAU,Saudi Arabia,SP.POP.GROW,2023,4.63821572656175
SAU,Saudi Arabia,SP.POP.GROW,2022,4.41891994509507
SEN,Senegal,SP.POP.GROW,2024,2.32058603495657
SEN,Senegal,SP.POP.GROW,2023,2.38738348832592
SEN,Senegal,SP.POP.GROW,2022,2.46764281803509
SRB,Serbia,SP.POP.GROW,2024,-0.555761423984425
SRB,Serbia,SP.POP.GROW,2023,-0.621120944154492
SRB,Serbia,SP.POP.GROW,2022,-2.5170575672922
SYC,Seychelles,SP.POP.GROW,2024,1.31136094801067
SYC,Seychelles,SP.POP.GROW,2023,-0.0876274304874622
SYC,Seychelles,SP.POP.GROW,2022,
SLE,Sierra Leone,SP.POP.GROW,2024,2.1226891332086
SLE,Sierra Leone,SP.POP.GROW,2023,2.19524258771884
SLE,Sierra Leone,SP.POP.GROW,2022,2.22598462352813
SGP,Singapore,SP.POP.GROW,2024,1.99449365639324
SGP,Singapore,SP.POP.GROW,2023,4.85831607781442
SGP,Singapore,SP.POP.GROW,2022,3.30862052439523
SXM,Sint Maarten (Dutch part),SP.POP.GROW,2024,1.39608999302398
SXM,Sint Maarten (Dutch part),SP.POP.GROW,2023,1.43721256242405
SXM,Sint Maarten (Dutch part),SP.POP.GROW,2022,1.35708688873829
SVK,Slovak Republic,SP.POP.GROW,2024,-0.0861108401600769
SVK,Slovak Republic,SP.POP.GROW,2023,-0.0923148510113108
SVK,Slovak Republic,SP.POP.GROW,2022,-0.284860959688394
SVN,Slovenia,SP.POP.GROW,2024,0.326705896075754
SVN,Slovenia,SP.POP.GROW,2023,0.396216782960902
SVN,Slovenia,SP.POP.GROW,2022,0.189424378732817
SLB,Solomon Islands,SP.POP.GROW,2024,2.37078352276169
SLB,Solomon Islands,SP.POP.GROW,2023,2.39583243369756
SLB,Solomon Islands,SP.POP.GROW,2022,2.39378076885188
SOM,"Somalia, Fed. Rep.",SP.POP.GROW,2024,3.48215481810475
SOM,"Somalia, Fed. Rep.",SP.POP.GROW,2023,3.07939219638342
SOM,"Somalia, Fed. Rep.",SP.POP.GROW,2022,3.0251275475745
ZAF,South Africa,SP.POP.GROW,2024,1.24951426055192
ZAF,South Africa,SP.POP.GROW,2023,1.32810094082844
ZAF,South Africa,SP.POP.GROW,2022,1.41397227960081
SSD,South Sudan,SP.POP.GROW,2024,3.92792442239756
SSD,South Sudan,SP.POP.GROW,2023,4.10816463205266
SSD,South Sudan,SP.POP.GROW,2022,1.42002025455897
ESP,Spain,SP.POP.GROW,2024,1.02121260938381
ESP,Spain,SP.POP.GROW,2023,1.17836618688432
ESP,Spain,SP.POP.GROW,2022,0.718854879160094
LKA,Sri Lanka,SP.POP.GROW,2024,-0.550589519145017
LKA,Sri Lanka,SP.POP.GROW,2023,-0.651320770103285
LKA,Sri Lanka,SP.POP.GROW,2022,0.112772639779474
KNA,St. Kitts and Nevis,SP.POP.GROW,2024,0.181622041143753
KNA,St. Kitts and Nevis,SP.POP.GROW,2023,0.104849849656036
KNA,St. Kitts and Nevis,SP.POP.GROW,2022,-0.11554263524381
LCA,St. Lucia,SP.POP.GROW,2024,0.255689791113258
LCA,St. Lucia,SP.POP.GROW,2023,0.281512532799571
LCA,St. Lucia,SP.POP.GROW,2022,0.144975018605125
MAF,St. Martin (French part),SP.POP.GROW,2024,-5.16855018990472
MAF,St. Martin (French part),SP.POP.GROW,2023,-4.80716831631216
MAF,St. Martin (French part),SP.POP.GROW,2022,-3.70935422542636
VCT,St. Vincent and the Grenadines,SP.POP.GROW,2024,-0.700214310937747
VCT,St. Vincent and the Grenadines,SP.POP.GROW,2023,-0.711025816110263
VCT,St. Vincent and the Grenadines,SP.POP.GROW,2022,-0.776041417794061
SDN,Sudan,SP.POP.GROW,2024,0.808373216038761
SDN,Sudan,SP.POP.GROW,2023,1.32652175747925
SDN,Sudan,SP.POP.GROW,2022,2.70189520043666
SUR,Suriname,SP.POP.GROW,2024,0.877853398525397
SUR,Suriname,SP.POP.GROW,2023,0.914027369002208
SUR,Suriname,SP.POP.GROW,2022,0.848956801428746
SWE,Sweden,SP.POP.GROW,2024,0.313432129983607
SWE,Sweden,SP.POP.GROW,2023,0.472717863265105
SWE,Sweden,SP.POP.GROW,2022,0.68058286829853
CHE,Switzerland,SP.POP.GROW,2024,1.30500749907811
CHE,Switzerland,SP.POP.GROW,2023,1.26498425447772
CHE,Switzerland,SP.POP.GROW,2022,0.829927183900371
SYR,Syrian Arab Republic,SP.POP.GROW,2024,4.46809539676654
SYR,Syrian Arab Republic,SP.POP.GROW,2023,4.91861526815481
SYR,Syrian Arab Republic,SP.POP.GROW,2022,3.78051313340953
TJK,Tajikistan,SP.POP.GROW,2024,1.91732317936133
TJK,Tajikistan,SP.POP.GROW,2023,2.01812009749216
TJK,Tajikistan,SP.POP.GROW,2022,2.13728529423458
TZA,Tanzania,SP.POP.GROW,2024,2.87426672866542
TZA,Tanzania,SP.POP.GROW,2023,2.90250073555304
TZA,Tanzania,SP.POP.GROW,2022,2.95046658393064
THA,Thailand,SP.POP.GROW,2024,-0.0480210554154485
THA,Thailand,SP.POP.GROW,2023,-0.0458651887192549
THA,Thailand,SP.POP.GROW,2022,0.0111485454856964
TLS,Timor-Leste,SP.POP.GROW,2024,1.17433638550192
TLS,Timor-Leste,SP.POP.GROW,2023,1.08884743970717
TLS,Timor-Leste,SP.POP.GROW,2022,1.40884587356384
TGO,Togo,SP.POP.GROW,2024,2.197364628925
TGO,Togo,SP.POP.GROW,2023,1.90565010531245
TGO,Togo,SP.POP.GROW,2022,1.65504210377245
TON,Tonga,SP.POP.GROW,2024,-0.404269322267007
TON,Tonga,SP.POP.GROW,2023,-0.424539964766316
TON,Tonga,SP.POP.GROW,2022,-0.425589151486705
TTO,Trinidad and Tobago,SP.POP.GROW,2024,0.0601642729371072
TTO,Trinidad and Tobago,SP.POP.GROW,2023,0.124756950526578
TTO,Trinidad and Tobago,SP.POP.GROW,2022,-0.128266918103601
TUN,Tunisia,SP.POP.GROW,2024,0.626519256572759
TUN,Tunisia,SP.POP.GROW,2023,0.666925034776371
TUN,Tunisia,SP.POP.GROW,2022,0.585173208533683
TUR,Turkiye,SP.POP.GROW,2024,0.225580501096507
TUR,Turkiye,SP.POP.GROW,2023,0.406389351118662
TUR,Turkiye,SP.POP.GROW,2022,0.984586244469359
TKM,Turkmenistan,SP.POP.GROW,2024,1.75064111797897
TKM,Turkmenistan,SP.POP.GROW,2023,1.83970100027524
TKM,Turkmenistan,SP.POP.GROW,2022,1.92922787802207
TCA,Turks and Caicos Islands,SP.POP.GROW,2024,0.726821053031156
TCA,Turks and Caicos Islands,SP.POP.GROW,2023,0.762674129802692
TCA,Turks and Caicos Islands,SP.POP.GROW,2022,1.32618037626777
TUV,Tuvalu,SP.POP.GROW,2024,-1.74703857618302
TUV,Tuvalu,SP.POP.GROW,2023,-1.77710654146662
TUV,Tuvalu,SP.POP.GROW,2022,-2.00145390945735
UGA,Uganda,SP.POP.GROW,2024,2.75373170025335
UGA,Uganda,SP.POP.GROW,2023,2.80083228962433
UGA,Uganda,SP.POP.GROW,2022,3.00759449042677
UKR,Ukraine,SP.POP.GROW,2024,0.33702862573394
UKR,Ukraine,SP.POP.GROW,2023,-8.42300777431605
UKR,Ukraine,SP.POP.GROW,2022,-7.61932022603164
ARE,United Arab Emirates,SP.POP.GROW,2024,4.68316095317394
ARE,United Arab Emirates,SP.POP.GROW,2023,3.97717097504667
ARE,United Arab Emirates,SP.POP.GROW,2022,5.08834153373914
GBR,United Kingdom,SP.POP.GROW,2024,1.09574630336216
GBR,United Kingdom,SP.POP.GROW,2023,1.30728496203423
GBR,United Kingdom,SP.POP.GROW,2022,0.977617841553254
USA,United States,SP.POP.GROW,2024,0.960096778979565
USA,United States,SP.POP.GROW,2023,0.822589035790284
USA,United States,SP.POP.GROW,2022,0.569329881519084
URY,Uruguay,SP.POP.GROW,2024,-0.0440759548302792
URY,Uruguay,SP.POP.GROW,2023,-0.0835522251458198
URY,Uruguay,SP.POP.GROW,2022,-0.170369337727093
UZB,Uzbekistan,SP.POP.GROW,2024,1.97065383660565
UZB,Uzbekistan,SP.POP.GROW,2023,2.02114614047908
UZB,Uzbekistan,SP.POP.GROW,2022,2.00999064709715
VUT,Vanuatu,SP.POP.GROW,2024,2.27351944261437
VUT,Vanuatu,SP.POP.GROW,2023,2.32481600892244
VUT,Vanuatu,SP.POP.GROW,2022,2.31965082626492
VEN,"Venezuela, RB",SP.POP.GROW,2024,0.369232130679939
VEN,"Venezuela, RB",SP.POP.GROW,2023,0.310851368612458
VEN,"Venezuela, RB",SP.POP.GROW,2022,-0.087895947265923
VNM,Viet Nam,SP.POP.GROW,2024,0.631267006487247
VNM,Viet Nam,SP.POP.GROW,2023,0.671429250652247
VNM,Viet Nam,SP.POP.GROW,2022,0.750756665157789
VIR,Virgin Islands (U.S.),SP.POP.GROW,2024,-0.516021671191835
VIR,Virgin Islands (U.S.),SP.POP.GROW,2023,-0.471640678399366
VIR,Virgin Islands (U.S.),SP.POP.GROW,2022,-0.432595819529278
PSE,West Bank and Gaza,SP.POP.GROW,2024,2.36027908447521
PSE,West Bank and Gaza,SP.POP.GROW,2023,2.39326476511584
PSE,West Bank and Gaza,SP.POP.GROW,2022,2.42553777623863
YEM,"Yemen, Rep.",SP.POP.GROW,2024,2.98210396880689
YEM,"Yemen, Rep.",SP.POP.GROW,2023,3.00980765711571
YEM,"Yemen, Rep.",SP.POP.GROW,2022,2.87334358526139
ZMB,Zambia,SP.POP.GROW,2024,2.81182258530958
ZMB,Zambia,SP.POP.GROW,2023,2.79406758723844
ZMB,Zambia,SP.POP.GROW,2022,2.76365042984169
ZWE,Zimbabwe,SP.POP.GROW,2024,1.7804822981922
ZWE,Zimbabwe,SP.POP.GROW,2023,1.67709591394986
ZWE,Zimbabwe,SP.POP.GROW,2022,1.7062092862652
